-- phpMyAdmin SQL Dump
-- version 4.9.0.1
-- https://www.phpmyadmin.net/
--
-- Host: sql300.epizy.com
-- Generation Time: Jan 25, 2020 at 09:31 PM
-- Server version: 5.6.45-86.1
-- PHP Version: 7.2.22

SET SQL_MODE = "NO_AUTO_VALUE_ON_ZERO";
SET AUTOCOMMIT = 0;
START TRANSACTION;
SET time_zone = "+00:00";


/*!40101 SET @OLD_CHARACTER_SET_CLIENT=@@CHARACTER_SET_CLIENT */;
/*!40101 SET @OLD_CHARACTER_SET_RESULTS=@@CHARACTER_SET_RESULTS */;
/*!40101 SET @OLD_COLLATION_CONNECTION=@@COLLATION_CONNECTION */;
/*!40101 SET NAMES utf8mb4 */;

--
-- Database: `epiz_22088497_invoice`
--

-- --------------------------------------------------------

--
-- Table structure for table `basic`
--

CREATE TABLE `basic` (
  `Name` varchar(20) NOT NULL,
  `Address` varchar(40) NOT NULL,
  `Phone` varchar(15) NOT NULL,
  `Gst` varchar(15) NOT NULL,
  `HsnCode` varchar(15) NOT NULL
) ENGINE=MyISAM DEFAULT CHARSET=latin1;

--
-- Dumping data for table `basic`
--

INSERT INTO `basic` (`Name`, `Address`, `Phone`, `Gst`, `HsnCode`) VALUES
('Saniya Enterprises', 'Bhopal Madhya Pradesh', '9584444161', '23CPFPD6088B1Z8', 'MP04TA0123');

-- --------------------------------------------------------

--
-- Table structure for table `invoice`
--

CREATE TABLE `invoice` (
  `id` int(11) NOT NULL
) ENGINE=MyISAM DEFAULT CHARSET=latin1;

--
-- Dumping data for table `invoice`
--

INSERT INTO `invoice` (`id`) VALUES
(201),
(202),
(203),
(204),
(205),
(206),
(207),
(208),
(209),
(210),
(211),
(212),
(213),
(214),
(215),
(216),
(217),
(218),
(219),
(220),
(221),
(222),
(223),
(224),
(225),
(226),
(227),
(228),
(229),
(230),
(231),
(232),
(233),
(234),
(235),
(236),
(237),
(238),
(239),
(240),
(241),
(242),
(243),
(244),
(245),
(246),
(247),
(248),
(249),
(250),
(251),
(252),
(253),
(254),
(255),
(256),
(257),
(258),
(259),
(260),
(261),
(262),
(263),
(264),
(265),
(266),
(267),
(268),
(269),
(270),
(271),
(272),
(273),
(274),
(275),
(276),
(277),
(278),
(279),
(280),
(281),
(282),
(283),
(284),
(285),
(286),
(287),
(288),
(289),
(290),
(291),
(292),
(293),
(294),
(295),
(296),
(297),
(298),
(299),
(300),
(301),
(302),
(303),
(304),
(305),
(306),
(307),
(308),
(309),
(310),
(311),
(312),
(313),
(314),
(315),
(316),
(317),
(318),
(319),
(320),
(321),
(322),
(323),
(324),
(325),
(326),
(327),
(328),
(329),
(330),
(331),
(332),
(333),
(334),
(335),
(336),
(337),
(338),
(339),
(340),
(341),
(342),
(343),
(344),
(345),
(346),
(347),
(348),
(349),
(350),
(351),
(352),
(353),
(354),
(355),
(356),
(357),
(358),
(359),
(360),
(361),
(362),
(363),
(364),
(365),
(366),
(367),
(368),
(369),
(370),
(371),
(372),
(373),
(374),
(375),
(376),
(377),
(378),
(379),
(380),
(381),
(382),
(383),
(384),
(385),
(386),
(387),
(388),
(389),
(390),
(391),
(392),
(393),
(394),
(395),
(396),
(397),
(398),
(399),
(400),
(401),
(402),
(403),
(404),
(405),
(406),
(407),
(408),
(409),
(410),
(411);

-- --------------------------------------------------------

--
-- Table structure for table `invoice_item`
--

CREATE TABLE `invoice_item` (
  `id` int(11) NOT NULL,
  `name` varchar(50) NOT NULL,
  `dei` varchar(200) NOT NULL,
  `value` decimal(11,3) NOT NULL,
  `quantity` decimal(11,3) NOT NULL,
  `total` decimal(11,3) NOT NULL,
  `fk_id_Invoice` int(11) NOT NULL
) ENGINE=MyISAM DEFAULT CHARSET=latin1;

--
-- Dumping data for table `invoice_item`
--

INSERT INTO `invoice_item` (`id`, `name`, `dei`, `value`, `quantity`, `total`, `fk_id_Invoice`) VALUES
(1015, 'SLD', 'Electronic Type', '0.000', '0.000', '0.000', 348),
(1014, 'SLD', 'Fuel Type', '720.000', '1.000', '720.000', 348),
(1013, 'Roter Seal', 'Seal', '0.000', '0.000', '0.000', 347),
(1012, 'SLD', 'Electronic Type', '0.000', '0.000', '0.000', 347),
(1011, 'SLD', 'Fuel Type', '720.000', '1.000', '720.000', 347),
(1010, 'Roter Seal', 'Seal', '0.000', '0.000', '0.000', 346),
(1009, 'SLD', 'Electronic Type', '0.000', '0.000', '0.000', 346),
(1008, 'SLD', 'Fuel Type', '720.000', '1.000', '720.000', 346),
(1007, 'Roter Seal', 'Seal', '0.000', '0.000', '0.000', 345),
(1006, 'SLD', 'Electronic Type', '0.000', '0.000', '0.000', 345),
(1005, 'SLD', 'Fuel Type', '720.000', '1.000', '720.000', 345),
(1004, 'Roter Seal', 'Seal', '0.000', '0.000', '0.000', 344),
(1003, 'SLD', 'Electronic Type', '0.000', '0.000', '0.000', 344),
(1002, 'SLD', 'Fuel Type', '720.000', '1.000', '720.000', 344),
(1001, 'Roter Seal', 'Seal', '0.000', '0.000', '0.000', 343),
(1000, 'SLD', 'Electronic Type', '0.000', '0.000', '0.000', 343),
(999, 'SLD', 'Fuel Type', '720.000', '1.000', '720.000', 343),
(998, 'Roter Seal', 'Seal', '0.000', '0.000', '0.000', 342),
(997, 'SLD', 'Electronic Type', '0.000', '0.000', '0.000', 342),
(996, 'SLD', 'Fuel Type', '720.000', '1.000', '720.000', 342),
(995, 'Roter Seal', 'Seal', '0.000', '0.000', '0.000', 341),
(994, 'SLD', 'Electronic Type', '0.000', '0.000', '0.000', 341),
(993, 'SLD', 'Fuel Type', '720.000', '1.000', '720.000', 341),
(992, 'Roter Seal', 'Seal', '0.000', '0.000', '0.000', 340),
(991, 'SLD', 'Electronic Type', '0.000', '0.000', '0.000', 340),
(990, 'SLD', 'Fuel Type', '720.000', '1.000', '720.000', 340),
(989, 'Roter Seal', 'Seal', '0.000', '0.000', '0.000', 339),
(988, 'SLD', 'Electronic Type', '0.000', '0.000', '0.000', 339),
(987, 'SLD', 'Fuel Type', '720.000', '1.000', '720.000', 339),
(986, 'Roter Seal', 'Seal', '0.000', '0.000', '0.000', 338),
(985, 'SLD', 'Electronic Type', '0.000', '0.000', '0.000', 338),
(984, 'SLD', 'Fuel Type', '700.000', '3.000', '2100.000', 338),
(983, 'Roter Seal', 'Seal', '0.000', '0.000', '0.000', 337),
(982, 'SLD', 'Electronic Type', '0.000', '0.000', '0.000', 337),
(981, 'SLD', 'Fuel Type', '720.000', '1.000', '720.000', 337),
(980, 'SLD', 'CT9', '5200.000', '1.000', '5200.000', 336),
(979, 'SLD', 'Electronic Type', '4000.000', '6.000', '24000.000', 336),
(978, 'SLD', 'Fuel Type', '0.000', '0.000', '0.000', 336),
(977, 'Roter Seal', 'Seal', '0.000', '0.000', '0.000', 335),
(976, 'SLD', 'Electronic Type', '0.000', '0.000', '0.000', 335),
(975, 'SLD', 'Fuel Type', '720.000', '1.000', '720.000', 335),
(974, 'Roter Seal', 'Seal', '0.000', '0.000', '0.000', 334),
(973, 'SLD', 'Electronic Type', '0.000', '0.000', '0.000', 334),
(972, 'SLD', 'Fuel Type', '60.000', '330.000', '19800.000', 334),
(971, 'Roter Seal', 'Seal', '0.000', '0.000', '0.000', 333),
(970, 'SLD', 'Electronic Type', '0.000', '0.000', '0.000', 333),
(969, 'SLD', 'Fuel Type', '720.000', '1.000', '720.000', 333),
(968, 'Roter Seal', 'Seal', '0.000', '0.000', '0.000', 332),
(967, 'SLD', 'Electronic Type', '0.000', '0.000', '0.000', 332),
(966, 'SLD', 'Fuel Type', '720.000', '1.000', '720.000', 332),
(965, 'Roter Seal', 'Seal', '0.000', '0.000', '0.000', 331),
(964, 'SLD', 'Electronic Type', '0.000', '0.000', '0.000', 331),
(963, 'SLD', 'Fuel Type', '720.000', '1.000', '720.000', 331),
(962, 'Roter Seal', 'Seal', '0.000', '0.000', '0.000', 330),
(961, 'SLD', 'Electronic Type', '0.000', '0.000', '0.000', 330),
(960, 'SLD', 'Fuel Type', '2100.000', '1.000', '2100.000', 330),
(959, 'Roter Seal', 'Seal', '0.000', '0.000', '0.000', 329),
(958, 'SLD', 'Electronic Type', '0.000', '0.000', '0.000', 329),
(957, 'SLD', 'Fuel Type', '720.000', '1.000', '720.000', 329),
(956, 'Roter Seal', 'Seal', '0.000', '0.000', '0.000', 328),
(955, 'SLD', 'Electronic Type', '0.000', '0.000', '0.000', 328),
(954, 'SLD', 'Fuel Type', '720.000', '1.000', '720.000', 328),
(953, 'Roter Seal', 'Seal', '0.000', '0.000', '0.000', 327),
(952, 'SLD', 'Electronic Type', '0.000', '0.000', '0.000', 327),
(951, 'SLD', 'Fuel Type', '720.000', '1.000', '720.000', 327),
(950, 'Roter Seal', 'Seal', '0.000', '0.000', '0.000', 326),
(949, 'SLD', 'Electronic Type', '0.000', '0.000', '0.000', 326),
(948, 'SLD', 'Fuel Type', '720.000', '1.000', '720.000', 326),
(947, 'Roter Seal', 'Seal', '0.000', '0.000', '0.000', 325),
(946, 'SLD', 'Electronic Type', '0.000', '0.000', '0.000', 325),
(945, 'SLD', 'Fuel Type', '720.000', '1.000', '720.000', 325),
(944, 'Roter Seal', 'Seal', '0.000', '0.000', '0.000', 324),
(943, 'SLD', 'Electronic Type', '0.000', '0.000', '0.000', 324),
(942, 'SLD', 'Fuel Type', '720.000', '1.000', '720.000', 324),
(941, 'Roter Seal', 'Seal', '0.000', '0.000', '0.000', 323),
(940, 'SLD', 'Electronic Type', '0.000', '0.000', '0.000', 323),
(939, 'SLD', 'Fuel Type', '720.000', '1.000', '720.000', 323),
(938, 'Roter Seal', 'Seal', '0.000', '0.000', '0.000', 322),
(937, 'SLD', 'Electronic Type', '0.000', '0.000', '0.000', 322),
(936, 'SLD', 'Fuel Type', '720.000', '1.000', '720.000', 322),
(935, 'Roter Seal', 'Seal', '0.000', '0.000', '0.000', 321),
(934, 'SLD', 'Electronic Type', '0.000', '0.000', '0.000', 321),
(933, 'SLD', 'Fuel Type', '900.000', '1.000', '900.000', 321),
(932, 'Roter Seal', 'Seal', '0.000', '0.000', '0.000', 320),
(931, 'SLD', 'Electronic Type', '0.000', '0.000', '0.000', 320),
(930, 'SLD', 'Fuel Type', '900.000', '1.000', '900.000', 320),
(929, 'Roter Seal', 'Seal', '0.000', '0.000', '0.000', 319),
(928, 'SLD', 'Electronic Type', '0.000', '0.000', '0.000', 319),
(927, 'SLD', 'Fuel Type', '900.000', '1.000', '900.000', 319),
(926, 'Roter Seal', 'Seal', '0.000', '0.000', '0.000', 318),
(925, 'SLD', 'Electronic Type', '0.000', '0.000', '0.000', 318),
(924, 'SLD', 'Fuel Type', '1200.000', '40.000', '48000.000', 318),
(923, 'Roter Seal', 'Seal', '0.000', '0.000', '0.000', 317),
(922, 'SLD', 'Electronic Type', '0.000', '0.000', '0.000', 317),
(921, 'SLD', 'Fuel Type', '900.000', '1.000', '900.000', 317),
(920, 'Roter Seal', 'Seal', '0.000', '0.000', '0.000', 316),
(919, 'SLD', 'Electronic Type', '0.000', '0.000', '0.000', 316),
(918, 'SLD', 'Fuel Type', '900.000', '1.000', '900.000', 316),
(917, 'Roter Seal', 'Seal', '0.000', '0.000', '0.000', 315),
(916, 'SLD', 'Electronic Type', '0.000', '0.000', '0.000', 315),
(915, 'SLD', 'Fuel Type', '900.000', '1.000', '900.000', 315),
(914, 'Roter Seal', 'Seal', '0.000', '0.000', '0.000', 314),
(913, 'SLD', 'Electronic Type', '0.000', '0.000', '0.000', 314),
(912, 'SLD', 'Fuel Type', '900.000', '1.000', '900.000', 314),
(911, 'Roter Seal', 'Seal', '0.000', '0.000', '0.000', 313),
(910, 'SLD', 'Electronic Type', '0.000', '0.000', '0.000', 313),
(909, 'SLD', 'Fuel Type', '900.000', '1.000', '900.000', 313),
(908, 'Roter Seal', 'Seal', '0.000', '0.000', '0.000', 312),
(907, 'SLD', 'Electronic Type', '0.000', '0.000', '0.000', 312),
(906, 'SLD', 'Fuel Type', '900.000', '1.000', '900.000', 312),
(905, 'Roter Seal', 'Seal', '0.000', '0.000', '0.000', 311),
(904, 'SLD', 'Electronic Type', '0.000', '0.000', '0.000', 311),
(903, 'SLD', 'Fuel Type', '900.000', '1.000', '900.000', 311),
(902, 'Roter Seal', 'Seal', '0.000', '0.000', '0.000', 310),
(901, 'SLD', 'Electronic Type', '0.000', '0.000', '0.000', 310),
(900, 'SLD', 'Fuel Type', '900.000', '1.000', '900.000', 310),
(899, 'Roter Seal', 'Seal', '0.000', '0.000', '0.000', 309),
(898, 'SLD', 'Electronic Type', '0.000', '0.000', '0.000', 309),
(897, 'SLD', 'Fuel Type', '900.000', '1.000', '900.000', 309),
(896, 'Roter Seal', 'Seal', '0.000', '0.000', '0.000', 308),
(895, 'SLD', 'Electronic Type', '0.000', '0.000', '0.000', 308),
(894, 'SLD', 'Fuel Type', '900.000', '1.000', '900.000', 308),
(893, 'Roter Seal', 'Seal', '0.000', '0.000', '0.000', 307),
(892, 'SLD', 'Electronic Type', '0.000', '0.000', '0.000', 307),
(891, 'SLD', 'Fuel Type', '900.000', '1.000', '900.000', 307),
(890, 'Roter Seal', 'Seal', '0.000', '0.000', '0.000', 306),
(889, 'SLD', 'Electronic Type', '0.000', '0.000', '0.000', 306),
(888, 'SLD', 'Fuel Type', '900.000', '1.000', '900.000', 306),
(887, 'Roter Seal', 'Seal', '0.000', '0.000', '0.000', 304),
(886, 'SLD', 'Electronic Type', '0.000', '0.000', '0.000', 304),
(885, 'SLD', 'Fuel Type', '900.000', '1.000', '900.000', 304),
(884, 'Roter Seal', 'Seal', '0.000', '0.000', '0.000', 304),
(883, 'SLD', 'Electronic Type', '0.000', '0.000', '0.000', 304),
(882, 'SLD', 'Fuel Type', '900.000', '1.000', '900.000', 304),
(881, 'Roter Seal', 'Seal', '0.000', '0.000', '0.000', 303),
(880, 'SLD', 'Electronic Type', '0.000', '0.000', '0.000', 303),
(879, 'SLD', 'Fuel Type', '900.000', '1.000', '900.000', 303),
(878, 'Roter Seal', 'Seal', '0.000', '0.000', '0.000', 302),
(877, 'SLD', 'Electronic Type', '0.000', '0.000', '0.000', 302),
(876, 'SLD', 'Fuel Type', '900.000', '1.000', '900.000', 302),
(875, 'Roter Seal', 'Seal', '0.000', '0.000', '0.000', 301),
(874, 'SLD', 'Electronic Type', '0.000', '0.000', '0.000', 301),
(873, 'SLD', 'Fuel Type', '900.000', '1.000', '900.000', 301),
(872, 'Roter Seal', 'Seal', '0.000', '0.000', '0.000', 300),
(871, 'SLD', 'Electronic Type', '0.000', '0.000', '0.000', 300),
(870, 'SLD', 'Fuel Type', '900.000', '1.000', '900.000', 300),
(869, 'Roter Seal', 'Seal', '0.000', '0.000', '0.000', 299),
(868, 'SLD', 'Electronic Type', '0.000', '0.000', '0.000', 299),
(867, 'SLD', 'Fuel Type', '900.000', '1.000', '900.000', 299),
(866, 'Roter Seal', 'Seal', '0.000', '0.000', '0.000', 298),
(865, 'SLD', 'Electronic Type', '0.000', '0.000', '0.000', 298),
(864, 'SLD', 'Fuel Type', '900.000', '1.000', '900.000', 298),
(863, 'Roter Seal', 'Seal', '0.000', '0.000', '0.000', 297),
(862, 'SLD', 'Electronic Type', '0.000', '0.000', '0.000', 297),
(861, 'SLD', 'Fuel Type', '900.000', '1.000', '900.000', 297),
(860, 'Roter Seal', 'Seal', '0.000', '0.000', '0.000', 296),
(859, 'SLD', 'Electronic Type', '0.000', '0.000', '0.000', 296),
(858, 'SLD', 'Fuel Type', '900.000', '1.000', '900.000', 296),
(857, 'Roter Seal', 'Seal', '0.000', '0.000', '0.000', 295),
(856, 'SLD', 'Electronic Type', '0.000', '0.000', '0.000', 295),
(855, 'SLD', 'Fuel Type', '900.000', '1.000', '900.000', 295),
(854, 'Roter Seal', 'Seal', '0.000', '0.000', '0.000', 294),
(853, 'SLD', 'Electronic Type', '0.000', '0.000', '0.000', 294),
(852, 'SLD', 'Fuel Type', '900.000', '1.000', '900.000', 294),
(851, 'Roter Seal', 'Seal', '0.000', '0.000', '0.000', 293),
(850, 'SLD', 'Electronic Type', '0.000', '0.000', '0.000', 293),
(849, 'SLD', 'Fuel Type', '900.000', '1.000', '900.000', 293),
(848, 'Roter Seal', 'Seal', '0.000', '0.000', '0.000', 292),
(847, 'SLD', 'Electronic Type', '0.000', '0.000', '0.000', 292),
(846, 'SLD', 'Fuel Type', '900.000', '1.000', '900.000', 292),
(845, 'Roter Seal', 'Seal', '0.000', '0.000', '0.000', 291),
(844, 'SLD', 'Electronic Type', '0.000', '0.000', '0.000', 291),
(843, 'SLD', 'Fuel Type', '900.000', '1.000', '900.000', 291),
(842, 'Roter Seal', 'Seal', '0.000', '0.000', '0.000', 290),
(841, 'SLD', 'Electronic Type', '0.000', '0.000', '0.000', 290),
(840, 'SLD', 'Fuel Type', '900.000', '1.000', '900.000', 290),
(839, 'Roter Seal', 'Seal', '0.000', '0.000', '0.000', 289),
(838, 'SLD', 'Electronic Type', '0.000', '0.000', '0.000', 289),
(837, 'SLD', 'Fuel Type', '900.000', '1.000', '900.000', 289),
(836, 'Roter Seal', 'Seal', '0.000', '0.000', '0.000', 288),
(835, 'SLD', 'Electronic Type', '0.000', '0.000', '0.000', 288),
(834, 'SLD', 'Fuel Type', '900.000', '1.000', '900.000', 288),
(833, 'Roter Seal', 'Seal', '0.000', '0.000', '0.000', 287),
(832, 'SLD', 'Electronic Type', '0.000', '0.000', '0.000', 287),
(831, 'SLD', 'Fuel Type', '900.000', '1.000', '900.000', 287),
(830, 'Roter Seal', 'Seal', '0.000', '0.000', '0.000', 286),
(829, 'SLD', 'Electronic Type', '0.000', '0.000', '0.000', 286),
(828, 'SLD', 'Fuel Type', '900.000', '1.000', '900.000', 286),
(827, 'Roter Seal', 'Seal', '0.000', '0.000', '0.000', 285),
(826, 'SLD', 'Electronic Type', '0.000', '0.000', '0.000', 285),
(825, 'SLD', 'Fuel Type', '900.000', '1.000', '900.000', 285),
(824, 'Roter Seal', 'Seal', '0.000', '0.000', '0.000', 284),
(823, 'SLD', 'Electronic Type', '0.000', '0.000', '0.000', 284),
(822, 'SLD', 'Fuel Type', '900.000', '1.000', '900.000', 284),
(821, 'Roter Seal', 'Seal', '0.000', '0.000', '0.000', 283),
(820, 'SLD', 'Electronic Type', '0.000', '0.000', '0.000', 283),
(819, 'SLD', 'Fuel Type', '900.000', '1.000', '900.000', 283),
(818, 'Roter Seal', 'Seal', '0.000', '0.000', '0.000', 282),
(817, 'SLD', 'Electronic Type', '0.000', '0.000', '0.000', 282),
(816, 'SLD', 'Fuel Type', '900.000', '1.000', '900.000', 282),
(815, 'Roter Seal', 'Seal', '0.000', '0.000', '0.000', 281),
(814, 'SLD', 'Electronic Type', '0.000', '0.000', '0.000', 281),
(813, 'SLD', 'Fuel Type', '1100.000', '1.000', '1100.000', 281),
(812, 'Roter Seal', 'Seal', '0.000', '0.000', '0.000', 280),
(811, 'SLD', 'Electronic Type', '0.000', '0.000', '0.000', 280),
(810, 'SLD', 'Fuel Type', '1200.000', '20.000', '24000.000', 280),
(809, 'Roter Seal', 'Seal', '0.000', '0.000', '0.000', 279),
(808, 'SLD', 'Electronic Type', '0.000', '0.000', '0.000', 279),
(807, 'SLD', 'Fuel Type', '900.000', '1.000', '900.000', 279),
(806, 'Roter Seal', 'Seal', '0.000', '0.000', '0.000', 278),
(805, 'SLD', 'Electronic Type', '0.000', '0.000', '0.000', 278),
(804, 'SLD', 'Fuel Type', '900.000', '1.000', '900.000', 278),
(803, 'Roter Seal', 'Seal', '0.000', '0.000', '0.000', 277),
(802, 'SLD', 'Electronic Type', '0.000', '0.000', '0.000', 277),
(801, 'SLD', 'Fuel Type', '900.000', '1.000', '900.000', 277),
(800, 'Roter Seal', 'Seal', '0.000', '0.000', '0.000', 276),
(799, 'SLD', 'Electronic Type', '0.000', '0.000', '0.000', 276),
(798, 'SLD', 'Fuel Type', '900.000', '1.000', '900.000', 276),
(797, 'Roter Seal', 'Seal', '0.000', '0.000', '0.000', 275),
(796, 'SLD', 'Electronic Type', '0.000', '0.000', '0.000', 275),
(795, 'SLD', 'Fuel Type', '900.000', '1.000', '900.000', 275),
(794, 'Roter Seal', 'Seal', '0.000', '0.000', '0.000', 274),
(793, 'SLD', 'Electronic Type', '0.000', '0.000', '0.000', 274),
(792, 'SLD', 'Fuel Type', '900.000', '1.000', '900.000', 274),
(791, 'Roter Seal', 'Seal', '0.000', '0.000', '0.000', 273),
(790, 'SLD', 'Electronic Type', '0.000', '0.000', '0.000', 273),
(789, 'SLD', 'Fuel Type', '900.000', '1.000', '900.000', 273),
(788, 'Roter Seal', 'Seal', '0.000', '0.000', '0.000', 272),
(787, 'SLD', 'Electronic Type', '0.000', '0.000', '0.000', 272),
(786, 'SLD', 'Fuel Type', '900.000', '1.000', '900.000', 272),
(785, 'Roter Seal', 'Seal', '0.000', '0.000', '0.000', 271),
(784, 'SLD', 'Electronic Type', '0.000', '0.000', '0.000', 271),
(783, 'SLD', 'Fuel Type', '900.000', '1.000', '900.000', 271),
(782, 'Roter Seal', 'Seal', '0.000', '0.000', '0.000', 270),
(781, 'SLD', 'Electronic Type', '0.000', '0.000', '0.000', 270),
(780, 'SLD', 'Fuel Type', '900.000', '1.000', '900.000', 270),
(779, 'Roter Seal', 'Seal', '0.000', '0.000', '0.000', 269),
(778, 'SLD', 'Electronic Type', '0.000', '0.000', '0.000', 269),
(777, 'SLD', 'Fuel Type', '900.000', '1.000', '900.000', 269),
(776, 'Roter Seal', 'Seal', '0.000', '0.000', '0.000', 268),
(775, 'SLD', 'Electronic Type', '0.000', '0.000', '0.000', 268),
(774, 'SLD', 'Fuel Type', '900.000', '1.000', '900.000', 268),
(773, 'Roter Seal', 'Seal', '0.000', '0.000', '0.000', 267),
(772, 'SLD', 'Electronic Type', '0.000', '0.000', '0.000', 267),
(771, 'SLD', 'Fuel Type', '900.000', '1.000', '900.000', 267),
(770, 'Roter Seal', 'Seal', '0.000', '0.000', '0.000', 266),
(769, 'SLD', 'Electronic Type', '0.000', '0.000', '0.000', 266),
(768, 'SLD', 'Fuel Type', '900.000', '1.000', '900.000', 266),
(767, 'Roter Seal', 'Seal', '0.000', '0.000', '0.000', 265),
(766, 'SLD', 'Electronic Type', '0.000', '0.000', '0.000', 265),
(765, 'SLD', 'Fuel Type', '900.000', '1.000', '900.000', 265),
(764, 'Roter Seal', 'Seal', '0.000', '0.000', '0.000', 264),
(763, 'SLD', 'Electronic Type', '0.000', '0.000', '0.000', 264),
(762, 'SLD', 'Fuel Type', '900.000', '1.000', '900.000', 264),
(761, 'Roter Seal', 'Seal', '0.000', '0.000', '0.000', 263),
(760, 'SLD', 'Electronic Type', '0.000', '0.000', '0.000', 263),
(759, 'SLD', 'Fuel Type', '900.000', '1.000', '900.000', 263),
(758, 'Roter Seal', 'Seal', '0.000', '0.000', '0.000', 262),
(757, 'SLD', 'Electronic Type', '0.000', '0.000', '0.000', 262),
(756, 'SLD', 'Fuel Type', '900.000', '1.000', '900.000', 262),
(755, 'Roter Seal', 'Seal', '0.000', '0.000', '0.000', 261),
(754, 'SLD', 'Electronic Type', '0.000', '0.000', '0.000', 261),
(753, 'SLD', 'Fuel Type', '900.000', '1.000', '900.000', 261),
(752, 'Roter Seal', 'Seal', '0.000', '0.000', '0.000', 260),
(751, 'SLD', 'Electronic Type', '0.000', '0.000', '0.000', 260),
(750, 'SLD', 'Fuel Type', '900.000', '1.000', '900.000', 260),
(749, 'Roter Seal', 'Seal', '0.000', '0.000', '0.000', 259),
(748, 'SLD', 'Electronic Type', '0.000', '0.000', '0.000', 259),
(747, 'SLD', 'Fuel Type', '900.000', '1.000', '900.000', 259),
(746, 'Roter Seal', 'Seal', '0.000', '0.000', '0.000', 258),
(745, 'SLD', 'Electronic Type', '0.000', '0.000', '0.000', 258),
(744, 'SLD', 'Fuel Type', '900.000', '1.000', '900.000', 258),
(743, 'Roter Seal', 'Seal', '0.000', '0.000', '0.000', 257),
(742, 'SLD', 'Electronic Type', '0.000', '0.000', '0.000', 257),
(741, 'SLD', 'Fuel Type', '900.000', '1.000', '900.000', 257),
(740, 'Roter Seal', 'Seal', '0.000', '0.000', '0.000', 256),
(739, 'SLD', 'Electronic Type', '0.000', '0.000', '0.000', 256),
(738, 'SLD', 'Fuel Type', '900.000', '1.000', '900.000', 256),
(737, 'Roter Seal', 'Seal', '0.000', '0.000', '0.000', 255),
(736, 'SLD', 'Electronic Type', '0.000', '0.000', '0.000', 255),
(735, 'SLD', 'Fuel Type', '900.000', '1.000', '900.000', 255),
(734, 'Roter Seal', 'Seal', '0.000', '0.000', '0.000', 254),
(733, 'SLD', 'Electronic Type', '0.000', '0.000', '0.000', 254),
(732, 'SLD', 'Fuel Type', '1100.000', '1.000', '1100.000', 254),
(731, 'Roter Seal', 'Seal', '0.000', '0.000', '0.000', 253),
(730, 'SLD', 'Electronic Type', '0.000', '0.000', '0.000', 253),
(729, 'SLD', 'Fuel Type', '1100.000', '1.000', '1100.000', 253),
(728, 'Roter Seal', 'Seal', '0.000', '0.000', '0.000', 252),
(727, 'SLD', 'Electronic Type', '0.000', '0.000', '0.000', 252),
(726, 'SLD', 'Fuel Type', '1100.000', '1.000', '1100.000', 252),
(725, 'Roter Seal', 'Seal', '0.000', '0.000', '0.000', 251),
(724, 'SLD', 'Electronic Type', '0.000', '0.000', '0.000', 251),
(723, 'SLD', 'Fuel Type', '900.000', '1.000', '900.000', 251),
(722, 'Roter Seal', 'Seal', '0.000', '0.000', '0.000', 250),
(721, 'SLD', 'Electronic Type', '0.000', '0.000', '0.000', 250),
(720, 'SLD', 'Fuel Type', '1100.000', '1.000', '1100.000', 250),
(719, 'Roter Seal', 'Seal', '0.000', '0.000', '0.000', 249),
(718, 'SLD', 'Electronic Type', '0.000', '0.000', '0.000', 249),
(717, 'SLD', 'Fuel Type', '900.000', '1.000', '900.000', 249),
(716, 'Roter Seal', 'Seal', '0.000', '0.000', '0.000', 248),
(715, 'SLD', 'Electronic Type', '0.000', '0.000', '0.000', 248),
(714, 'SLD', 'Fuel Type', '900.000', '1.000', '900.000', 248),
(713, 'Roter Seal', 'Seal', '0.000', '0.000', '0.000', 247),
(712, 'SLD', 'Electronic Type', '0.000', '0.000', '0.000', 247),
(711, 'SLD', 'Fuel Type', '900.000', '1.000', '900.000', 247),
(710, 'Roter Seal', 'Seal', '0.000', '0.000', '0.000', 246),
(709, 'SLD', 'Electronic Type', '0.000', '0.000', '0.000', 246),
(708, 'SLD', 'Fuel Type', '900.000', '1.000', '900.000', 246),
(707, 'Roter Seal', 'Seal', '0.000', '0.000', '0.000', 245),
(706, 'SLD', 'Electronic Type', '0.000', '0.000', '0.000', 245),
(705, 'SLD', 'Fuel Type', '900.000', '1.000', '900.000', 245),
(704, 'Roter Seal', 'Seal', '0.000', '0.000', '0.000', 244),
(703, 'SLD', 'Electronic Type', '0.000', '0.000', '0.000', 244),
(702, 'SLD', 'Fuel Type', '900.000', '1.000', '900.000', 244),
(701, 'Roter Seal', 'Seal', '0.000', '0.000', '0.000', 243),
(700, 'SLD', 'Electronic Type', '0.000', '0.000', '0.000', 243),
(699, 'SLD', 'Fuel Type', '900.000', '1.000', '900.000', 243),
(698, 'Roter Seal', 'Seal', '0.000', '0.000', '0.000', 242),
(697, 'SLD', 'Electronic Type', '0.000', '0.000', '0.000', 242),
(696, 'SLD', 'Fuel Type', '900.000', '1.000', '900.000', 242),
(695, 'Roter Seal', 'Seal', '0.000', '0.000', '0.000', 241),
(694, 'SLD', 'Electronic Type', '0.000', '0.000', '0.000', 241),
(693, 'SLD', 'Fuel Type', '900.000', '1.000', '900.000', 241),
(692, 'Roter Seal', 'Seal', '0.000', '0.000', '0.000', 240),
(691, 'SLD', 'Electronic Type', '0.000', '0.000', '0.000', 240),
(690, 'SLD', 'Fuel Type', '900.000', '1.000', '900.000', 240),
(689, 'Roter Seal', 'Seal', '0.000', '0.000', '0.000', 239),
(688, 'SLD', 'Electronic Type', '0.000', '0.000', '0.000', 239),
(687, 'SLD', 'Fuel Type', '1100.000', '1.000', '1100.000', 239),
(686, 'Roter Seal', 'Seal', '0.000', '0.000', '0.000', 238),
(685, 'SLD', 'Electronic Type', '0.000', '0.000', '0.000', 238),
(684, 'SLD', 'Fuel Type', '1100.000', '1.000', '1100.000', 238),
(683, 'Roter Seal', 'Seal', '0.000', '0.000', '0.000', 237),
(682, 'SLD', 'Electronic Type', '0.000', '0.000', '0.000', 237),
(681, 'SLD', 'Fuel Type', '1100.000', '1.000', '1100.000', 237),
(680, 'Roter Seal', 'Seal', '0.000', '0.000', '0.000', 236),
(679, 'SLD', 'Electronic Type', '0.000', '0.000', '0.000', 236),
(678, 'SLD', 'Fuel Type', '1100.000', '1.000', '1100.000', 236),
(677, 'Roter Seal', 'Seal', '0.000', '0.000', '0.000', 235),
(676, 'SLD', 'Electronic Type', '0.000', '0.000', '0.000', 235),
(675, 'SLD', 'Fuel Type', '1100.000', '1.000', '1100.000', 235),
(674, 'Roter Seal', 'Seal', '0.000', '0.000', '0.000', 234),
(673, 'SLD', 'Electronic Type', '0.000', '0.000', '0.000', 234),
(672, 'SLD', 'Fuel Type', '900.000', '1.000', '900.000', 234),
(671, 'Roter Seal', 'Seal', '0.000', '0.000', '0.000', 233),
(670, 'SLD', 'Electronic Type', '900.000', '1.000', '900.000', 233),
(669, 'SLD', 'Fuel Type', '0.000', '0.000', '0.000', 233),
(668, 'Roter Seal', 'Seal', '0.000', '0.000', '0.000', 232),
(667, 'SLD', 'Electronic Type', '0.000', '0.000', '0.000', 232),
(666, 'SLD', 'Fuel Type', '900.000', '1.000', '900.000', 232),
(665, 'Roter Seal', 'Seal', '0.000', '0.000', '0.000', 231),
(664, 'SLD', 'Electronic Type', '0.000', '0.000', '0.000', 231),
(663, 'SLD', 'Fuel Type', '900.000', '1.000', '900.000', 231),
(662, 'Roter Seal', 'Seal', '0.000', '0.000', '0.000', 230),
(661, 'SLD', 'Electronic Type', '0.000', '0.000', '0.000', 230),
(660, 'SLD', 'Fuel Type', '900.000', '1.000', '900.000', 230),
(659, 'Roter Seal', 'Seal', '0.000', '0.000', '0.000', 229),
(658, 'SLD', 'Electronic Type', '0.000', '0.000', '0.000', 229),
(657, 'SLD', 'Fuel Type', '900.000', '1.000', '900.000', 229),
(656, 'Roter Seal', 'Seal', '0.000', '0.000', '0.000', 228),
(655, 'SLD', 'Electronic Type', '0.000', '0.000', '0.000', 228),
(654, 'SLD', 'Fuel Type', '900.000', '1.000', '900.000', 228),
(653, 'Roter Seal', 'Seal', '0.000', '0.000', '0.000', 227),
(652, 'SLD', 'Electronic Type', '0.000', '0.000', '0.000', 227),
(651, 'SLD', 'Fuel Type', '900.000', '1.000', '900.000', 227),
(650, 'Roter Seal', 'Seal', '0.000', '0.000', '0.000', 226),
(649, 'SLD', 'Electronic Type', '0.000', '0.000', '0.000', 226),
(648, 'SLD', 'Fuel Type', '900.000', '1.000', '900.000', 226),
(647, 'Roter Seal', 'Seal', '0.000', '0.000', '0.000', 225),
(646, 'SLD', 'Electronic Type', '0.000', '0.000', '0.000', 225),
(645, 'SLD', 'Fuel Type', '1100.000', '1.000', '1100.000', 225),
(644, 'Roter Seal', 'Seal', '0.000', '0.000', '0.000', 224),
(643, 'SLD', 'Electronic Type', '0.000', '0.000', '0.000', 224),
(642, 'SLD', 'Fuel Type', '1100.000', '1.000', '1100.000', 224),
(641, 'Roter Seal', 'Seal', '0.000', '0.000', '0.000', 223),
(640, 'SLD', 'Electronic Type', '0.000', '0.000', '0.000', 223),
(639, 'SLD', 'Fuel Type', '1100.000', '1.000', '1100.000', 223),
(638, 'Roter Seal', 'Seal', '0.000', '0.000', '0.000', 222),
(637, 'SLD', 'Electronic Type', '0.000', '0.000', '0.000', 222),
(636, 'SLD', 'Fuel Type', '1100.000', '1.000', '1100.000', 222),
(635, 'Roter Seal', 'Seal', '0.000', '0.000', '0.000', 221),
(634, 'SLD', 'Electronic Type', '0.000', '0.000', '0.000', 221),
(633, 'SLD', 'Fuel Type', '1100.000', '1.000', '1100.000', 221),
(573, 'SLD', 'Fuel Type', '1100.000', '1.000', '1100.000', 201),
(574, 'SLD', 'Electronic Type', '0.000', '0.000', '0.000', 201),
(575, 'Roter Seal', 'Seal', '0.000', '0.000', '0.000', 201),
(576, 'SLD', 'Fuel Type', '1100.000', '1.000', '1100.000', 202),
(577, 'SLD', 'Electronic Type', '0.000', '0.000', '0.000', 202),
(578, 'Roter Seal', 'Seal', '0.000', '0.000', '0.000', 202),
(579, 'SLD', 'Fuel Type', '1100.000', '1.000', '1100.000', 203),
(580, 'SLD', 'Electronic Type', '0.000', '0.000', '0.000', 203),
(581, 'Roter Seal', 'Seal', '0.000', '0.000', '0.000', 203),
(582, 'SLD', 'Fuel Type', '1100.000', '1.000', '1100.000', 204),
(583, 'SLD', 'Electronic Type', '0.000', '0.000', '0.000', 204),
(584, 'Roter Seal', 'Seal', '0.000', '0.000', '0.000', 204),
(585, 'SLD', 'Fuel Type', '1100.000', '1.000', '1100.000', 205),
(586, 'SLD', 'Electronic Type', '0.000', '0.000', '0.000', 205),
(587, 'Roter Seal', 'Seal', '0.000', '0.000', '0.000', 205),
(588, 'SLD', 'Fuel Type', '1100.000', '1.000', '1100.000', 206),
(589, 'SLD', 'Electronic Type', '0.000', '0.000', '0.000', 206),
(590, 'Roter Seal', 'Seal', '0.000', '0.000', '0.000', 206),
(591, 'SLD', 'Fuel Type', '1100.000', '1.000', '1100.000', 207),
(592, 'SLD', 'Electronic Type', '0.000', '0.000', '0.000', 207),
(593, 'Roter Seal', 'Seal', '0.000', '0.000', '0.000', 207),
(594, 'SLD', 'Fuel Type', '1100.000', '1.000', '1100.000', 208),
(595, 'SLD', 'Electronic Type', '0.000', '0.000', '0.000', 208),
(596, 'Roter Seal', 'Seal', '0.000', '0.000', '0.000', 208),
(597, 'SLD', 'Fuel Type', '1100.000', '1.000', '1100.000', 209),
(598, 'SLD', 'Electronic Type', '0.000', '0.000', '0.000', 209),
(599, 'Roter Seal', 'Seal', '0.000', '0.000', '0.000', 209),
(600, 'SLD', 'Fuel Type', '1100.000', '1.000', '1100.000', 210),
(601, 'SLD', 'Electronic Type', '0.000', '0.000', '0.000', 210),
(602, 'Roter Seal', 'Seal', '0.000', '0.000', '0.000', 210),
(603, 'SLD', 'Fuel Type', '1100.000', '1.000', '1100.000', 211),
(604, 'SLD', 'Electronic Type', '0.000', '0.000', '0.000', 211),
(605, 'Roter Seal', 'Seal', '0.000', '0.000', '0.000', 211),
(606, 'SLD', 'Fuel Type', '3390.000', '1.000', '3390.000', 211),
(607, 'SLD', 'Electronic Type', '0.000', '0.000', '0.000', 211),
(608, 'Roter Seal', 'Seal', '0.000', '0.000', '0.000', 211),
(609, 'SLD', 'Fuel Type', '1100.000', '1.000', '1100.000', 213),
(610, 'SLD', 'Electronic Type', '0.000', '0.000', '0.000', 213),
(611, 'Roter Seal', 'Seal', '0.000', '0.000', '0.000', 213),
(612, 'SLD', 'Fuel Type', '1100.000', '1.000', '1100.000', 214),
(613, 'SLD', 'Electronic Type', '0.000', '0.000', '0.000', 214),
(614, 'Roter Seal', 'Seal', '0.000', '0.000', '0.000', 214),
(615, 'SLD', 'Fuel Type', '1100.000', '1.000', '1100.000', 215),
(616, 'SLD', 'Electronic Type', '0.000', '0.000', '0.000', 215),
(617, 'Roter Seal', 'Seal', '0.000', '0.000', '0.000', 215),
(618, 'SLD', 'Fuel Type', '1100.000', '1.000', '1100.000', 216),
(619, 'SLD', 'Electronic Type', '0.000', '0.000', '0.000', 216),
(620, 'Roter Seal', 'Seal', '0.000', '0.000', '0.000', 216),
(621, 'SLD', 'Fuel Type', '1100.000', '1.000', '1100.000', 217),
(622, 'SLD', 'Electronic Type', '0.000', '0.000', '0.000', 217),
(623, 'Roter Seal', 'Seal', '0.000', '0.000', '0.000', 217),
(624, 'SLD', 'Fuel Type', '1100.000', '1.000', '1100.000', 218),
(625, 'SLD', 'Electronic Type', '0.000', '0.000', '0.000', 218),
(626, 'Roter Seal', 'Seal', '0.000', '0.000', '0.000', 218),
(627, 'SLD', 'Fuel Type', '1100.000', '1.000', '1100.000', 219),
(628, 'SLD', 'Electronic Type', '0.000', '0.000', '0.000', 219),
(629, 'Roter Seal', 'Seal', '0.000', '0.000', '0.000', 219),
(630, 'SLD', 'Fuel Type', '1100.000', '1.000', '1100.000', 220),
(631, 'SLD', 'Electronic Type', '0.000', '0.000', '0.000', 220),
(632, 'Roter Seal', 'Seal', '0.000', '0.000', '0.000', 220),
(1016, 'Roter Seal', 'Seal', '0.000', '0.000', '0.000', 348),
(1017, 'SLD', 'Fuel Type', '720.000', '1.000', '720.000', 349),
(1018, 'SLD', 'Electronic Type', '0.000', '0.000', '0.000', 349),
(1019, 'Roter Seal', 'Seal', '0.000', '0.000', '0.000', 349),
(1020, 'SLD', 'Fuel Type', '720.000', '1.000', '720.000', 350),
(1021, 'SLD', 'Electronic Type', '0.000', '0.000', '0.000', 350),
(1022, 'Roter Seal', 'Seal', '0.000', '0.000', '0.000', 350),
(1023, 'SLD', 'Fuel Type', '720.000', '1.000', '720.000', 351),
(1024, 'SLD', 'Electronic Type', '0.000', '0.000', '0.000', 351),
(1025, 'Roter Seal', 'Seal', '0.000', '0.000', '0.000', 351),
(1026, 'SLD', 'Fuel Type', '720.000', '1.000', '720.000', 352),
(1027, 'SLD', 'Electronic Type', '0.000', '0.000', '0.000', 352),
(1028, 'Roter Seal', 'Seal', '0.000', '0.000', '0.000', 352),
(1029, 'SLD', 'Fuel Type', '720.000', '1.000', '720.000', 353),
(1030, 'SLD', 'Electronic Type', '0.000', '0.000', '0.000', 353),
(1031, 'Roter Seal', 'Seal', '0.000', '0.000', '0.000', 353),
(1032, 'SLD', 'Fuel Type', '720.000', '1.000', '720.000', 354),
(1033, 'SLD', 'Electronic Type', '0.000', '0.000', '0.000', 354),
(1034, 'Roter Seal', 'Seal', '0.000', '0.000', '0.000', 354),
(1035, 'SLD', 'Fuel Type', '720.000', '1.000', '720.000', 355),
(1036, 'SLD', 'Electronic Type', '0.000', '0.000', '0.000', 355),
(1037, 'Roter Seal', 'Seal', '0.000', '0.000', '0.000', 355),
(1038, 'SLD', 'Fuel Type', '720.000', '1.000', '720.000', 356),
(1039, 'SLD', 'Electronic Type', '0.000', '0.000', '0.000', 356),
(1040, 'Roter Seal', 'Seal', '0.000', '0.000', '0.000', 356),
(1041, 'SLD', 'Fuel Type', '720.000', '1.000', '720.000', 357),
(1042, 'SLD', 'Electronic Type', '0.000', '0.000', '0.000', 357),
(1043, 'Roter Seal', 'Seal', '0.000', '0.000', '0.000', 357),
(1044, 'SLD', 'Fuel Type', '720.000', '1.000', '720.000', 358),
(1045, 'SLD', 'Electronic Type', '0.000', '0.000', '0.000', 358),
(1046, 'Roter Seal', 'Seal', '0.000', '0.000', '0.000', 358),
(1047, 'SLD', 'Fuel Type', '720.000', '1.000', '720.000', 359),
(1048, 'SLD', 'Electronic Type', '0.000', '0.000', '0.000', 359),
(1049, 'Roter Seal', 'Seal', '0.000', '0.000', '0.000', 359),
(1050, 'SLD', 'Fuel Type', '720.000', '1.000', '720.000', 360),
(1051, 'SLD', 'Electronic Type', '0.000', '0.000', '0.000', 360),
(1052, 'Roter Seal', 'Seal', '0.000', '0.000', '0.000', 360),
(1053, 'SLD', 'Fuel Type', '720.000', '1.000', '720.000', 361),
(1054, 'SLD', 'Electronic Type', '0.000', '0.000', '0.000', 361),
(1055, 'Roter Seal', 'Seal', '0.000', '0.000', '0.000', 361),
(1056, 'SLD', 'Fuel Type', '720.000', '1.000', '720.000', 362),
(1057, 'SLD', 'Electronic Type', '0.000', '0.000', '0.000', 362),
(1058, 'Roter Seal', 'Seal', '0.000', '0.000', '0.000', 362),
(1059, 'SLD', 'Fuel Type', '720.000', '1.000', '720.000', 363),
(1060, 'SLD', 'Electronic Type', '0.000', '0.000', '0.000', 363),
(1061, 'Roter Seal', 'Seal', '0.000', '0.000', '0.000', 363),
(1062, 'SLD', 'Fuel Type', '720.000', '1.000', '720.000', 364),
(1063, 'SLD', 'Electronic Type', '0.000', '0.000', '0.000', 364),
(1064, 'Roter Seal', 'Seal', '0.000', '0.000', '0.000', 364),
(1065, 'SLD', 'Fuel Type', '720.000', '1.000', '720.000', 365),
(1066, 'SLD', 'Electronic Type', '0.000', '0.000', '0.000', 365),
(1067, 'Roter Seal', 'Seal', '0.000', '0.000', '0.000', 365),
(1068, 'SLD', 'Fuel Type', '720.000', '1.000', '720.000', 366),
(1069, 'SLD', 'Electronic Type', '0.000', '0.000', '0.000', 366),
(1070, 'Roter Seal', 'Seal', '0.000', '0.000', '0.000', 366),
(1071, 'SLD', 'Fuel Type', '720.000', '1.000', '720.000', 367),
(1072, 'SLD', 'Electronic Type', '0.000', '0.000', '0.000', 367),
(1073, 'Roter Seal', 'Seal', '0.000', '0.000', '0.000', 367),
(1074, 'SLD', 'Fuel Type', '720.000', '1.000', '720.000', 368),
(1075, 'SLD', 'Electronic Type', '0.000', '0.000', '0.000', 368),
(1076, 'Roter Seal', 'Seal', '0.000', '0.000', '0.000', 368),
(1077, 'SLD', 'Fuel Type', '720.000', '1.000', '720.000', 369),
(1078, 'SLD', 'Electronic Type', '0.000', '0.000', '0.000', 369),
(1079, 'Roter Seal', 'Seal', '0.000', '0.000', '0.000', 369),
(1080, 'SLD', 'Fuel Type', '720.000', '1.000', '720.000', 370),
(1081, 'SLD', 'Electronic Type', '0.000', '0.000', '0.000', 370),
(1082, 'Roter Seal', 'Seal', '0.000', '0.000', '0.000', 370),
(1083, 'SLD', 'Fuel Type', '720.000', '1.000', '720.000', 371),
(1084, 'SLD', 'Electronic Type', '0.000', '0.000', '0.000', 371),
(1085, 'Roter Seal', 'Seal', '0.000', '0.000', '0.000', 371),
(1086, 'SLD', 'Fuel Type', '720.000', '1.000', '720.000', 372),
(1087, 'SLD', 'Electronic Type', '0.000', '0.000', '0.000', 372),
(1088, 'Roter Seal', 'Seal', '0.000', '0.000', '0.000', 372),
(1089, 'SLD', 'Fuel Type', '720.000', '1.000', '720.000', 373),
(1090, 'SLD', 'Electronic Type', '0.000', '0.000', '0.000', 373),
(1091, 'Roter Seal', 'Seal', '0.000', '0.000', '0.000', 373),
(1092, 'SLD', 'Fuel Type', '720.000', '1.000', '720.000', 374),
(1093, 'SLD', 'Electronic Type', '0.000', '0.000', '0.000', 374),
(1094, 'Roter Seal', 'Seal', '0.000', '0.000', '0.000', 374),
(1095, 'SLD', 'Fuel Type', '720.000', '1.000', '720.000', 375),
(1096, 'SLD', 'Electronic Type', '0.000', '0.000', '0.000', 375),
(1097, 'Roter Seal', 'Seal', '0.000', '0.000', '0.000', 375),
(1098, 'SLD', 'Fuel Type', '720.000', '1.000', '720.000', 376),
(1099, 'SLD', 'Electronic Type', '0.000', '0.000', '0.000', 376),
(1100, 'Roter Seal', 'Seal', '0.000', '0.000', '0.000', 376),
(1101, 'SLD', 'Fuel Type', '720.000', '1.000', '720.000', 377),
(1102, 'SLD', 'Electronic Type', '0.000', '0.000', '0.000', 377),
(1103, 'Roter Seal', 'Seal', '0.000', '0.000', '0.000', 377),
(1104, 'SLD', 'Fuel Type', '2966.000', '1.000', '2966.000', 378),
(1105, 'SLD', 'Electronic Type', '0.000', '0.000', '0.000', 378),
(1106, 'Roter Seal', 'Seal', '0.000', '0.000', '0.000', 378),
(1107, 'SLD', 'Fuel Type', '720.000', '1.000', '720.000', 379),
(1108, 'SLD', 'Electronic Type', '0.000', '0.000', '0.000', 379),
(1109, 'Roter Seal', 'Seal', '0.000', '0.000', '0.000', 379),
(1110, 'SLD', 'Fuel Type', '720.000', '1.000', '720.000', 380),
(1111, 'SLD', 'Electronic Type', '0.000', '0.000', '0.000', 380),
(1112, 'Roter Seal', 'Seal', '0.000', '0.000', '0.000', 380),
(1113, 'SLD', 'Fuel Type', '720.000', '1.000', '720.000', 381),
(1114, 'SLD', 'Electronic Type', '0.000', '0.000', '0.000', 381),
(1115, 'Roter Seal', 'Seal', '0.000', '0.000', '0.000', 381),
(1116, 'SLD', 'Fuel Type', '700.000', '1.000', '700.000', 382),
(1117, 'SLD', 'Electronic Type', '0.000', '0.000', '0.000', 382),
(1118, 'Roter Seal', 'Seal', '0.000', '0.000', '0.000', 382),
(1119, 'SLD', 'Fuel Type', '700.000', '1.000', '700.000', 383),
(1120, 'SLD', 'Electronic Type', '0.000', '0.000', '0.000', 383),
(1121, 'Roter Seal', 'Seal', '0.000', '0.000', '0.000', 383),
(1122, 'SLD', 'Fuel Type', '720.000', '1.000', '720.000', 384),
(1123, 'SLD', 'Electronic Type', '0.000', '0.000', '0.000', 384),
(1124, 'Roter Seal', 'Seal', '0.000', '0.000', '0.000', 384),
(1125, 'SLD', 'Fuel Type', '700.000', '1.000', '700.000', 385),
(1126, 'SLD', 'Electronic Type', '0.000', '0.000', '0.000', 385),
(1127, 'Roter Seal', 'Seal', '0.000', '0.000', '0.000', 385),
(1128, 'SLD', 'Fuel Type', '720.000', '1.000', '720.000', 386),
(1129, 'SLD', 'Electronic Type', '0.000', '0.000', '0.000', 386),
(1130, 'Roter Seal', 'Seal', '0.000', '0.000', '0.000', 386),
(1131, 'SLD', 'Fuel Type', '720.000', '1.000', '720.000', 387),
(1132, 'SLD', 'Electronic Type', '0.000', '0.000', '0.000', 387),
(1133, 'Roter Seal', 'Seal', '0.000', '0.000', '0.000', 387),
(1134, 'SLD', 'Fuel Type', '4000.000', '1.000', '4000.000', 388),
(1135, 'SLD', 'Electronic Type', '0.000', '0.000', '0.000', 388),
(1136, 'Roter Seal', 'Seal', '0.000', '0.000', '0.000', 388),
(1137, 'SLD', 'Fuel Type', '720.000', '1.000', '720.000', 389),
(1138, 'SLD', 'Electronic Type', '0.000', '0.000', '0.000', 389),
(1139, 'Roter Seal', 'Seal', '0.000', '0.000', '0.000', 389),
(1140, 'SLD', 'Fuel Type', '720.000', '1.000', '720.000', 390),
(1141, 'SLD', 'Electronic Type', '0.000', '0.000', '0.000', 390),
(1142, 'Roter Seal', 'Seal', '0.000', '0.000', '0.000', 390),
(1143, 'SLD', 'Fuel Type', '720.000', '1.000', '720.000', 390),
(1144, 'SLD', 'Electronic Type', '0.000', '0.000', '0.000', 390),
(1145, 'Roter Seal', 'Seal', '0.000', '0.000', '0.000', 390),
(1146, 'SLD', 'Fuel Type', '720.000', '1.000', '720.000', 392),
(1147, 'SLD', 'Electronic Type', '0.000', '0.000', '0.000', 392),
(1148, 'Roter Seal', 'Seal', '0.000', '0.000', '0.000', 392),
(1149, 'SLD', 'Fuel Type', '720.000', '1.000', '720.000', 393),
(1150, 'SLD', 'Electronic Type', '0.000', '0.000', '0.000', 393),
(1151, 'Roter Seal', 'Seal', '0.000', '0.000', '0.000', 393),
(1152, 'SLD', 'Fuel Type', '720.000', '1.000', '720.000', 394),
(1153, 'SLD', 'Electronic Type', '0.000', '0.000', '0.000', 394),
(1154, 'Roter Seal', 'Seal', '0.000', '0.000', '0.000', 394),
(1155, 'SLD', 'Fuel Type', '720.000', '1.000', '720.000', 395),
(1156, 'SLD', 'Electronic Type', '0.000', '0.000', '0.000', 395),
(1157, 'Roter Seal', 'Seal', '0.000', '0.000', '0.000', 395),
(1158, 'SLD', 'Fuel Type', '720.000', '1.000', '720.000', 396),
(1159, 'SLD', 'Electronic Type', '0.000', '0.000', '0.000', 396),
(1160, 'Roter Seal', 'Seal', '0.000', '0.000', '0.000', 396),
(1161, 'SLD', 'Fuel Type', '2966.000', '1.000', '2966.000', 397),
(1162, 'SLD', 'Electronic Type', '0.000', '0.000', '0.000', 397),
(1163, 'Roter Seal', 'Seal', '0.000', '0.000', '0.000', 397),
(1164, 'SLD', 'Fuel Type', '720.000', '1.000', '720.000', 398),
(1165, 'SLD', 'Electronic Type', '0.000', '0.000', '0.000', 398),
(1166, 'Roter Seal', 'Seal', '0.000', '0.000', '0.000', 398),
(1167, 'SLD', 'Fuel Type', '720.000', '1.000', '720.000', 399),
(1168, 'SLD', 'Electronic Type', '0.000', '0.000', '0.000', 399),
(1169, 'Roter Seal', 'Seal', '0.000', '0.000', '0.000', 399),
(1170, 'SLD', 'Fuel Type', '720.000', '1.000', '720.000', 400),
(1171, 'SLD', 'Electronic Type', '0.000', '0.000', '0.000', 400),
(1172, 'Roter Seal', 'Seal', '0.000', '0.000', '0.000', 400),
(1173, 'SLD', 'Fuel Type', '720.000', '1.000', '720.000', 401),
(1174, 'SLD', 'Electronic Type', '0.000', '0.000', '0.000', 401),
(1175, 'Roter Seal', 'Seal', '0.000', '0.000', '0.000', 401),
(1176, 'SLD', 'Fuel Type', '720.000', '1.000', '720.000', 402),
(1177, 'SLD', 'Electronic Type', '0.000', '0.000', '0.000', 402),
(1178, 'Roter Seal', 'Seal', '0.000', '0.000', '0.000', 402),
(1179, 'SLD', 'Fuel Type', '720.000', '1.000', '720.000', 403),
(1180, 'SLD', 'Electronic Type', '0.000', '0.000', '0.000', 403),
(1181, 'Roter Seal', 'Seal', '0.000', '0.000', '0.000', 403),
(1182, 'SLD', 'Fuel Type', '720.000', '1.000', '720.000', 404),
(1183, 'SLD', 'Electronic Type', '0.000', '0.000', '0.000', 404),
(1184, 'Roter Seal', 'Seal', '0.000', '0.000', '0.000', 404),
(1185, 'SLD', 'Fuel Type', '1.000', '720.000', '720.000', 405),
(1186, 'SLD', 'Electronic Type', '0.000', '0.000', '0.000', 405),
(1187, 'Roter Seal', 'Seal', '0.000', '0.000', '0.000', 405),
(1188, 'SLD', 'Fuel Type', '720.000', '1.000', '720.000', 406),
(1189, 'SLD', 'Electronic Type', '0.000', '0.000', '0.000', 406),
(1190, 'Roter Seal', 'Seal', '0.000', '0.000', '0.000', 406),
(1191, 'SLD', 'Fuel Type', '720.000', '1.000', '720.000', 407),
(1192, 'SLD', 'Electronic Type', '0.000', '0.000', '0.000', 407),
(1193, 'Roter Seal', 'Seal', '0.000', '0.000', '0.000', 407),
(1194, 'SLD', 'Fuel Type', '720.000', '1.000', '720.000', 408),
(1195, 'SLD', 'Electronic Type', '0.000', '0.000', '0.000', 408),
(1196, 'Roter Seal', 'Seal', '0.000', '0.000', '0.000', 408),
(1197, 'SLD', 'Fuel Type', '720.000', '1.000', '720.000', 409),
(1198, 'SLD', 'Electronic Type', '0.000', '0.000', '0.000', 409),
(1199, 'Roter Seal', 'Seal', '0.000', '0.000', '0.000', 409),
(1200, 'SLD', 'Fuel Type', '720.000', '1.000', '720.000', 410),
(1201, 'SLD', 'Electronic Type', '0.000', '0.000', '0.000', 410),
(1202, 'Roter Seal', 'Seal', '0.000', '0.000', '0.000', 410),
(1203, 'SLD', 'Fuel Type', '720.000', '1.000', '720.000', 411),
(1204, 'SLD', 'Electronic Type', '0.000', '0.000', '0.000', 411),
(1205, 'Roter Seal', 'Seal', '0.000', '0.000', '0.000', 411);

-- --------------------------------------------------------

--
-- Table structure for table `invoice_more`
--

CREATE TABLE `invoice_more` (
  `id` int(11) NOT NULL,
  `invoice_date` varchar(30) NOT NULL,
  `subtotal` decimal(11,3) NOT NULL,
  `gst` decimal(11,3) NOT NULL,
  `total` decimal(11,3) NOT NULL,
  `paid` decimal(11,3) NOT NULL,
  `due` decimal(11,3) NOT NULL,
  `fk_ID_Invoice` int(11) NOT NULL,
  `Address` varchar(2000) NOT NULL,
  `PartyAddress` varchar(2000) NOT NULL
) ENGINE=MyISAM DEFAULT CHARSET=latin1;

--
-- Dumping data for table `invoice_more`
--

INSERT INTO `invoice_more` (`id`, `invoice_date`, `subtotal`, `gst`, `total`, `paid`, `due`, `fk_ID_Invoice`, `Address`, `PartyAddress`) VALUES
(389, 'December 07, 2019', '720.000', '129.600', '849.600', '849.600', '0.000', 399, '{\"selfName\":\"Saniya Enterprises\",\"selfAddress\":\"Bhopal Madhya Pradesh\",\"selfPhone\":\"9584444161\",\"selfGst\":\"23CPFPD6088B1Z8\",\"gstPercent\":\"18\"}', '{\"PartyName\":\"YUNUS PINJARA\",\"PartyAddress\":\"WARD 11 GURIYA ROAD\",\"PartyPhone\":\"\",\"PartyGst\":\"\",\"Registration\":\"MP13GA8393\",\"header\":\"INVOICE\"}'),
(388, 'December 07, 2019', '720.000', '129.600', '849.600', '849.600', '0.000', 398, '{\"selfName\":\"Saniya Enterprises\",\"selfAddress\":\"Bhopal Madhya Pradesh\",\"selfPhone\":\"9584444161\",\"selfGst\":\"23CPFPD6088B1Z8\",\"gstPercent\":\"18\"}', '{\"PartyName\":\"RAJENDRA YADAV\",\"PartyAddress\":\"YADAV MOHALLA\",\"PartyPhone\":\"\",\"PartyGst\":\"\",\"Registration\":\"MP41P0241\",\"header\":\"INVOICE\"}'),
(387, 'December 07, 2019', '2966.000', '533.880', '3499.880', '3499.880', '0.000', 397, '{\"selfName\":\"Saniya Enterprises\",\"selfAddress\":\"Bhopal Madhya Pradesh\",\"selfPhone\":\"9584444161\",\"selfGst\":\"\",\"gstPercent\":\"18\"}', '{\"PartyName\":\"SAJJAN SINGH\",\"PartyAddress\":\"341 PREET NAGAR\",\"PartyPhone\":\"\",\"PartyGst\":\"\",\"Registration\":\"MH04FU4119\",\"header\":\"Estimate\"}'),
(386, 'December 05, 2019', '720.000', '129.600', '849.600', '849.600', '0.000', 396, '{\"selfName\":\"Saniya Enterprises\",\"selfAddress\":\"Bhopal Madhya Pradesh\",\"selfPhone\":\"9584444161\",\"selfGst\":\"23CPFPD6088B1Z8\",\"gstPercent\":\"18\"}', '{\"PartyName\":\"SHRI RAHUL\",\"PartyAddress\":\"BERASIA\",\"PartyPhone\":\"\",\"PartyGst\":\"\",\"Registration\":\"MP04LC3980\",\"header\":\"INVOICE\"}'),
(383, 'December 04, 2019', '720.000', '129.600', '849.600', '849.600', '0.000', 393, '{\"selfName\":\"Saniya Enterprises\",\"selfAddress\":\"Bhopal Madhya Pradesh\",\"selfPhone\":\"9584444161\",\"selfGst\":\"23CPFPD6088B1Z8\",\"gstPercent\":\"18\"}', '{\"PartyName\":\"PAHALVAN\",\"PartyAddress\":\"92/1 ADAMPUR RAISEN\",\"PartyPhone\":\"\",\"PartyGst\":\"\",\"Registration\":\"MP04LC3529\",\"header\":\"INVOICE\"}'),
(382, 'December 02, 2019', '720.000', '129.600', '849.600', '849.600', '0.000', 392, '{\"selfName\":\"Saniya Enterprises\",\"selfAddress\":\"Bhopal Madhya Pradesh\",\"selfPhone\":\"9584444161\",\"selfGst\":\"23CPFPD6088B1Z8\",\"gstPercent\":\"18\"}', '{\"PartyName\":\"M/SARCHDIOCESEOF BHOPAL\",\"PartyAddress\":\"HNO33AHAMDABADPALACE ROAD\",\"PartyPhone\":\"\",\"PartyGst\":\"\",\"Registration\":\"MP04K1915\",\"header\":\"INVOICE\"}'),
(381, 'December 02, 2019', '720.000', '129.600', '849.600', '849.600', '0.000', 390, '{\"selfName\":\"Saniya Enterprises\",\"selfAddress\":\"Bhopal Madhya Pradesh\",\"selfPhone\":\"9584444161\",\"selfGst\":\"\",\"gstPercent\":\"18\"}', '{\"PartyName\":\"GUFRAN QURESHI\",\"PartyAddress\":\"41 MOMINPURA JINSI J BAD\nBHOPAL NDINAGAR TEH\",\"PartyPhone\":\"\",\"PartyGst\":\"\",\"Registration\":\"MP04GB9709\",\"header\":\"Estimate\"}'),
(380, 'December 02, 2019', '720.000', '129.600', '849.600', '849.600', '0.000', 390, '{\"selfName\":\"Saniya Enterprises\",\"selfAddress\":\"Bhopal Madhya Pradesh\",\"selfPhone\":\"9584444161\",\"selfGst\":\"23CPFPD6088B1Z8\",\"gstPercent\":\"18\"}', '{\"PartyName\":\"DINESH SAGAR\",\"PartyAddress\":\"37TAGOREWARDGANDINAGAR TEH\",\"PartyPhone\":\"\",\"PartyGst\":\"\",\"Registration\":\"MP09LN4494\",\"header\":\"INVOICE\"}'),
(379, 'November 30, 2019', '720.000', '129.600', '849.600', '849.600', '0.000', 389, '{\"selfName\":\"Saniya Enterprises\",\"selfAddress\":\"Bhopal Madhya Pradesh\",\"selfPhone\":\"9584444161\",\"selfGst\":\"23CPFPD6088B1Z8\",\"gstPercent\":\"18\"}', '{\"PartyName\":\"SHAFIQ QURESHI\",\"PartyAddress\":\"2407 RAJEEV NAGAR MAIDAMILL\",\"PartyPhone\":\"\",\"PartyGst\":\"\",\"Registration\":\"HR55M7783\",\"header\":\"INVOICE\"}'),
(377, 'November 23, 2019', '720.000', '129.600', '849.600', '849.600', '0.000', 387, '{\"selfName\":\"Saniya Enterprises\",\"selfAddress\":\"Bhopal Madhya Pradesh\",\"selfPhone\":\"9584444161\",\"selfGst\":\"23CPFPD6088B1Z8\",\"gstPercent\":\"18\"}', '{\"PartyName\":\"MOHD YUNUS\",\"PartyAddress\":\"BAIRASIA ROAD\",\"PartyPhone\":\"\",\"PartyGst\":\"\",\"Registration\":\"MP04TA3092\",\"header\":\"INVOICE\"}'),
(376, 'November 15, 2019', '720.000', '129.600', '849.600', '849.600', '0.000', 386, '{\"selfName\":\"Saniya Enterprises\",\"selfAddress\":\"Bhopal Madhya Pradesh\",\"selfPhone\":\"9584444161\",\"selfGst\":\"23CPFPD6088B1Z8\",\"gstPercent\":\"18\"}', '{\"PartyName\":\"VINAY KOUSHAL\",\"PartyAddress\":\"MOHALLAGANJ SEHORE\",\"PartyPhone\":\"\",\"PartyGst\":\"\",\"Registration\":\"MP37GA1360\",\"header\":\"INVOICE\"}'),
(375, 'November 15, 2019', '700.000', '126.000', '826.000', '826.000', '0.000', 385, '{\"selfName\":\"Saniya Enterprises\",\"selfAddress\":\"Bhopal Madhya Pradesh\",\"selfPhone\":\"9584444161\",\"selfGst\":\"23CPFPD6088B1Z8\",\"gstPercent\":\"18\"}', '{\"PartyName\":\"MANOJ SHARMA\",\"PartyAddress\":\"RAJ HARSH COLONY\",\"PartyPhone\":\"\",\"PartyGst\":\"\",\"Registration\":\"MP04TA4311\",\"header\":\"INVOICE\"}'),
(374, 'November 14, 2019', '720.000', '129.600', '849.600', '849.600', '0.000', 384, '{\"selfName\":\"Saniya Enterprises\",\"selfAddress\":\"Bhopal Madhya Pradesh\",\"selfPhone\":\"9584444161\",\"selfGst\":\"23CPFPD6088B1Z8\",\"gstPercent\":\"18\"}', '{\"PartyName\":\"MAA NARMADA\",\"PartyAddress\":\"SHAKTI NAGAR\",\"PartyPhone\":\"\",\"PartyGst\":\"\",\"Registration\":\"MP04HE3590\",\"header\":\"INVOICE\"}'),
(373, 'November 13, 2019', '700.000', '126.000', '826.000', '826.000', '0.000', 383, '{\"selfName\":\"Saniya Enterprises\",\"selfAddress\":\"Bhopal Madhya Pradesh\",\"selfPhone\":\"9584444161\",\"selfGst\":\"23CPFPD6088B1Z8\",\"gstPercent\":\"18\"}', '{\"PartyName\":\"NKG INFRASTRUCTURE\",\"PartyAddress\":\"GALAXY GULMOHAR\",\"PartyPhone\":\"\",\"PartyGst\":\"\",\"Registration\":\"MP04HE0561\",\"header\":\"INVOICE\"}'),
(372, 'November 13, 2019', '700.000', '126.000', '826.000', '826.000', '0.000', 382, '{\"selfName\":\"Saniya Enterprises\",\"selfAddress\":\"Bhopal Madhya Pradesh\",\"selfPhone\":\"9584444161\",\"selfGst\":\"23CPFPD6088B1Z8\",\"gstPercent\":\"18\"}', '{\"PartyName\":\"NKG INFRASTRUCTURE\",\"PartyAddress\":\"GALAXY GULMOHAR\",\"PartyPhone\":\"\",\"PartyGst\":\"\",\"Registration\":\"MP04HE0562\",\"header\":\"INVOICE\"}'),
(371, 'November 07, 2019', '720.000', '129.600', '849.600', '849.600', '0.000', 381, '{\"selfName\":\"Saniya Enterprises\",\"selfAddress\":\"Bhopal Madhya Pradesh\",\"selfPhone\":\"9584444161\",\"selfGst\":\"23CPFPD6088B1Z8\",\"gstPercent\":\"18\"}', '{\"PartyName\":\"ANIL KUMAR\",\"PartyAddress\":\"148 BABA NAGAR\",\"PartyPhone\":\"\",\"PartyGst\":\"\",\"Registration\":\"MP04TA4283\",\"header\":\"INVOICE\"}'),
(370, 'November 02, 2019', '720.000', '129.600', '849.600', '849.600', '0.000', 380, '{\"selfName\":\"Saniya Enterprises\",\"selfAddress\":\"Bhopal Madhya Pradesh\",\"selfPhone\":\"9584444161\",\"selfGst\":\"23CPFPD6088B1Z8\",\"gstPercent\":\"18\"}', '{\"PartyName\":\"AKHILESH YADAV\",\"PartyAddress\":\"HOUSINGBOARDCOLONY\",\"PartyPhone\":\"\",\"PartyGst\":\"\",\"Registration\":\"MP04GA8718\",\"header\":\"INVOICE\"}'),
(368, 'October 25, 2019', '2966.000', '533.880', '3499.880', '3499.880', '0.000', 378, '{\"selfName\":\"Saniya Enterprises\",\"selfAddress\":\"Bhopal Madhya Pradesh\",\"selfPhone\":\"9584444161\",\"selfGst\":\"23CPFPD6088B1Z8\",\"gstPercent\":\"18\"}', '{\"PartyName\":\"MPS CONSTRUCTION\",\"PartyAddress\":\"E1/201ARERACOLONY\",\"PartyPhone\":\"\",\"PartyGst\":\"23AAGFM6401K1ZG\",\"Registration\":\"MP04CC4721\",\"header\":\"INVOICE\"}'),
(367, 'October 25, 2019', '720.000', '129.600', '849.600', '849.600', '0.000', 377, '{\"selfName\":\"Saniya Enterprises\",\"selfAddress\":\"Bhopal Madhya Pradesh\",\"selfPhone\":\"9584444161\",\"selfGst\":\"23CPFPD6088B1Z8\",\"gstPercent\":\"18\"}', '{\"PartyName\":\"JAI BALAJI INDEN\",\"PartyAddress\":\"VARDHAMANCITYPLAZA\",\"PartyPhone\":\"\",\"PartyGst\":\"\",\"Registration\":\"DL1LP9845\",\"header\":\"INVOICE\"}'),
(366, 'October 17, 2019', '720.000', '129.600', '849.600', '849.600', '0.000', 376, '{\"selfName\":\"Saniya Enterprises\",\"selfAddress\":\"Bhopal Madhya Pradesh\",\"selfPhone\":\"9584444161\",\"selfGst\":\"23CPFPD6088B1Z8\",\"gstPercent\":\"18\"}', '{\"PartyName\":\"INDIALANDDEVELOPMENT PVT LTD\",\"PartyAddress\":\"216 ZONE-MP NAGAR\",\"PartyPhone\":\"\",\"PartyGst\":\"\",\"Registration\":\"MP04GA3810\",\"header\":\"INVOICE\"}'),
(365, 'October 14, 2019', '720.000', '129.600', '849.600', '849.600', '0.000', 375, '{\"selfName\":\"Saniya Enterprises\",\"selfAddress\":\"Bhopal Madhya Pradesh\",\"selfPhone\":\"9584444161\",\"selfGst\":\"23CPFPD6088B1Z8\",\"gstPercent\":\"18\"}', '{\"PartyName\":\"SHRI VISHAL TANWANI\",\"PartyAddress\":\"\",\"PartyPhone\":\"\",\"PartyGst\":\"\",\"Registration\":\"MP04LC5375\",\"header\":\"INVOICE\"}'),
(364, 'October 11, 2019', '720.000', '129.600', '849.600', '849.600', '0.000', 374, '{\"selfName\":\"Saniya Enterprises\",\"selfAddress\":\"Bhopal Madhya Pradesh\",\"selfPhone\":\"9584444161\",\"selfGst\":\"23CPFPD6088B1Z8\",\"gstPercent\":\"18\"}', '{\"PartyName\":\"DINESH KUMAR\",\"PartyAddress\":\"PIPALIYA BHOPAL\",\"PartyPhone\":\"\",\"PartyGst\":\"\",\"Registration\":\"UP13T1076\",\"header\":\"INVOICE\"}'),
(363, 'October 03, 2019', '720.000', '129.600', '849.600', '849.600', '0.000', 373, '{\"selfName\":\"Saniya Enterprises\",\"selfAddress\":\"Bhopal Madhya Pradesh\",\"selfPhone\":\"9584444161\",\"selfGst\":\"23CPFPD6088B1Z8\",\"gstPercent\":\"18\"}', '{\"PartyName\":\"MR HARINARAYAN\",\"PartyAddress\":\"51 WARD 2 BAIRAGARH\",\"PartyPhone\":\"\",\"PartyGst\":\"\",\"Registration\":\"MP04GA6228\",\"header\":\"INVOICE\"}'),
(362, 'October 03, 2019', '720.000', '129.600', '849.600', '849.600', '0.000', 372, '{\"selfName\":\"Saniya Enterprises\",\"selfAddress\":\"Bhopal Madhya Pradesh\",\"selfPhone\":\"9584444161\",\"selfGst\":\"23CPFPD6088B1Z8\",\"gstPercent\":\"18\"}', '{\"PartyName\":\"NAVED\",\"PartyAddress\":\"106 BUDHWARA\",\"PartyPhone\":\"\",\"PartyGst\":\"\",\"Registration\":\"MP04TA9249\",\"header\":\"INVOICE\"}'),
(361, 'October 03, 2019', '720.000', '129.600', '849.600', '849.600', '0.000', 371, '{\"selfName\":\"Saniya Enterprises\",\"selfAddress\":\"Bhopal Madhya Pradesh\",\"selfPhone\":\"9584444161\",\"selfGst\":\"23CPFPD6088B1Z8\",\"gstPercent\":\"18\"}', '{\"PartyName\":\"KAMLESH NAMDEV\",\"PartyAddress\":\"32/1076HANUMANMAND\",\"PartyPhone\":\"\",\"PartyGst\":\"\",\"Registration\":\"MP04TA4091KAMLESH NAMDEV\",\"header\":\"INVOICE\"}'),
(358, 'September 30, 2019', '720.000', '129.600', '849.600', '849.600', '0.000', 368, '{\"selfName\":\"Saniya Enterprises\",\"selfAddress\":\"Bhopal Madhya Pradesh\",\"selfPhone\":\"9584444161\",\"selfGst\":\"23CPFPD6088B1Z8\",\"gstPercent\":\"18\"}', '{\"PartyName\":\"RAJESHKUMARRATHORE\",\"PartyAddress\":\"PANCHWATICOLONY\",\"PartyPhone\":\"\",\"PartyGst\":\"\",\"Registration\":\"MP04GA6838\",\"header\":\"INVOICE\"}'),
(357, 'September 28, 2019', '720.000', '129.600', '849.600', '849.600', '0.000', 367, '{\"selfName\":\"Saniya Enterprises\",\"selfAddress\":\"Bhopal Madhya Pradesh\",\"selfPhone\":\"9584444161\",\"selfGst\":\"23CPFPD6088B1Z8\",\"gstPercent\":\"18\"}', '{\"PartyName\":\"MOHD RIYAZ KHAN\",\"PartyAddress\":\"JAWAHARCOLONYAISHBAGH\",\"PartyPhone\":\"\",\"PartyGst\":\"\",\"Registration\":\"MP04HE9817\",\"header\":\"INVOICE\"}'),
(356, 'September 27, 2019', '720.000', '129.600', '849.600', '849.600', '0.000', 366, '{\"selfName\":\"Saniya Enterprises\",\"selfAddress\":\"Bhopal Madhya Pradesh\",\"selfPhone\":\"9584444161\",\"selfGst\":\"23CPFPD6088B1Z8\",\"gstPercent\":\"18\"}', '{\"PartyName\":\"SMT ANJANA\",\"PartyAddress\":\"KANHASAIYA GRAM\",\"PartyPhone\":\"\",\"PartyGst\":\"\",\"Registration\":\"MP04LC0866\",\"header\":\"INVOICE\"}'),
(355, 'September 26, 2019', '720.000', '129.600', '849.600', '849.600', '0.000', 365, '{\"selfName\":\"Saniya Enterprises\",\"selfAddress\":\"Bhopal Madhya Pradesh\",\"selfPhone\":\"9584444161\",\"selfGst\":\"23CPFPD6088B1Z8\",\"gstPercent\":\"18\"}', '{\"PartyName\":\"GANESH RAM SAHU\",\"PartyAddress\":\"KALPANA NAGAR\",\"PartyPhone\":\"\",\"PartyGst\":\"\",\"Registration\":\"MP04GA3635\",\"header\":\"INVOICE\"}'),
(354, 'September 25, 2019', '720.000', '129.600', '849.600', '849.600', '0.000', 364, '{\"selfName\":\"Saniya Enterprises\",\"selfAddress\":\"Bhopal Madhya Pradesh\",\"selfPhone\":\"9584444161\",\"selfGst\":\"23CPFPD6088B1Z8\",\"gstPercent\":\"18\"}', '{\"PartyName\":\"DEVENDRA SINGH\",\"PartyAddress\":\"2/23 BHADBHADA ROAD\",\"PartyPhone\":\"\",\"PartyGst\":\"\",\"Registration\":\"MP04GA6766\",\"header\":\"INVOICE\"}'),
(353, 'September 25, 2019', '720.000', '129.600', '849.600', '849.600', '0.000', 363, '{\"selfName\":\"Saniya Enterprises\",\"selfAddress\":\"Bhopal Madhya Pradesh\",\"selfPhone\":\"9584444161\",\"selfGst\":\"23CPFPD6088B1Z8\",\"gstPercent\":\"18\"}', '{\"PartyName\":\"ABDUL ZAKIR\",\"PartyAddress\":\"3353, INDORE  MHOW\",\"PartyPhone\":\"\",\"PartyGst\":\"\",\"Registration\":\"MP09GE5227\",\"header\":\"INVOICE\"}'),
(352, 'September 25, 2019', '720.000', '129.600', '849.600', '849.600', '0.000', 362, '{\"selfName\":\"Saniya Enterprises\",\"selfAddress\":\"Bhopal Madhya Pradesh\",\"selfPhone\":\"9584444161\",\"selfGst\":\"23CPFPD6088B1Z8\",\"gstPercent\":\"18\"}', '{\"PartyName\":\"MOHAMMED AKRAM\",\"PartyAddress\":\"32 SADAR BAZAR\",\"PartyPhone\":\"\",\"PartyGst\":\"\",\"Registration\":\"MP04HE0112\",\"header\":\"INVOICE\"}'),
(351, 'September 24, 2019', '720.000', '129.600', '849.600', '849.600', '0.000', 361, '{\"selfName\":\"Saniya Enterprises\",\"selfAddress\":\"Bhopal Madhya Pradesh\",\"selfPhone\":\"9584444161\",\"selfGst\":\"23CPFPD6088B1Z8\",\"gstPercent\":\"18\"}', '{\"PartyName\":\"KAMLESH MANJHI\",\"PartyAddress\":\"BLOCKKAINCHICHHOLA\",\"PartyPhone\":\"\",\"PartyGst\":\"\",\"Registration\":\"MP04CM0229\",\"header\":\"INVOICE\"}'),
(385, 'December 05, 2019', '720.000', '129.600', '849.600', '849.600', '0.000', 395, '{\"selfName\":\"Saniya Enterprises\",\"selfAddress\":\"Bhopal Madhya Pradesh\",\"selfPhone\":\"9584444161\",\"selfGst\":\"23CPFPD6088B1Z8\",\"gstPercent\":\"18\"}', '{\"PartyName\":\"MR RAJESH GUPTA\",\"PartyAddress\":\"CHOWKBUSSTOPTTNAGAR\",\"PartyPhone\":\"\",\"PartyGst\":\"\",\"Registration\":\"MP04TA4484\",\"header\":\"INVOICE\"}'),
(384, 'December 05, 2019', '720.000', '129.600', '849.600', '849.600', '0.000', 394, '{\"selfName\":\"Saniya Enterprises\",\"selfAddress\":\"Bhopal Madhya Pradesh\",\"selfPhone\":\"9584444161\",\"selfGst\":\"23CPFPD6088B1Z8\",\"gstPercent\":\"18\"}', '{\"PartyName\":\"NAVEEN THAKUR\",\"PartyAddress\":\"AYODHYA NAGAR\",\"PartyPhone\":\"\",\"PartyGst\":\"\",\"Registration\":\"MP04GA2726\",\"header\":\"INVOICE\"}'),
(348, 'September 23, 2019', '720.000', '129.600', '849.600', '849.600', '0.000', 358, '{\"selfName\":\"Saniya Enterprises\",\"selfAddress\":\"Bhopal Madhya Pradesh\",\"selfPhone\":\"9584444161\",\"selfGst\":\"23CPFPD6088B1Z8\",\"gstPercent\":\"18\"}', '{\"PartyName\":\"GANESH RAM SAHU\",\"PartyAddress\":\"KALPANA NAGAR\",\"PartyPhone\":\"\",\"PartyGst\":\"\",\"Registration\":\"MP04GA4035\",\"header\":\"INVOICE\"}'),
(347, 'September 19, 2019', '720.000', '129.600', '849.600', '849.600', '0.000', 357, '{\"selfName\":\"Saniya Enterprises\",\"selfAddress\":\"Bhopal Madhya Pradesh\",\"selfPhone\":\"9584444161\",\"selfGst\":\"23CPFPD6088B1Z8\",\"gstPercent\":\"18\"}', '{\"PartyName\":\"RAMANUJ MERCHANTIL\",\"PartyAddress\":\"5/8 AMER COMPLEX\",\"PartyPhone\":\"\",\"PartyGst\":\"\",\"Registration\":\"MP04GB9557\",\"header\":\"INVOICE\"}'),
(346, 'September 17, 2019', '720.000', '129.600', '849.600', '849.600', '0.000', 356, '{\"selfName\":\"Saniya Enterprises\",\"selfAddress\":\"Bhopal Madhya Pradesh\",\"selfPhone\":\"9584444161\",\"selfGst\":\"23CPFPD6088B1Z8\",\"gstPercent\":\"18\"}', '{\"PartyName\":\"SHIV GOPAL TIWARI\",\"PartyAddress\":\"JHUGGI-54 ANKUR\",\"PartyPhone\":\"\",\"PartyGst\":\"\",\"Registration\":\"MP04TA0148\",\"header\":\"INVOICE\"}'),
(345, 'September 17, 2019', '720.000', '129.600', '849.600', '849.600', '0.000', 355, '{\"selfName\":\"Saniya Enterprises\",\"selfAddress\":\"Bhopal Madhya Pradesh\",\"selfPhone\":\"9584444161\",\"selfGst\":\"23CPFPD6088B1Z8\",\"gstPercent\":\"18\"}', '{\"PartyName\":\"ISARIL\",\"PartyAddress\":\"ABBAS NAGAR\",\"PartyPhone\":\"\",\"PartyGst\":\"\",\"Registration\":\"MP04HE2880\",\"header\":\"INVOICE\"}'),
(344, 'September 11, 2019', '720.000', '129.600', '849.600', '849.600', '0.000', 354, '{\"selfName\":\"Saniya Enterprises\",\"selfAddress\":\"Bhopal Madhya Pradesh\",\"selfPhone\":\"9584444161\",\"selfGst\":\"23CPFPD6088B1Z8\",\"gstPercent\":\"18\"}', '{\"PartyName\":\"SHRIRAM AHIRWAR\",\"PartyAddress\":\"1, SEVANIYA ONKARA\",\"PartyPhone\":\"\",\"PartyGst\":\"\",\"Registration\":\"MP04LC8468\",\"header\":\"INVOICE\"}'),
(343, 'August 31, 2019', '720.000', '129.600', '849.600', '849.600', '0.000', 353, '{\"selfName\":\"Saniya Enterprises\",\"selfAddress\":\"Bhopal Madhya Pradesh\",\"selfPhone\":\"9584444161\",\"selfGst\":\"23CPFPD6088B1Z8\",\"gstPercent\":\"18\"}', '{\"PartyName\":\"MUKESH\",\"PartyAddress\":\"H NO 24 MANAKBIHARTEHHUZUR\",\"PartyPhone\":\"\",\"PartyGst\":\"\",\"Registration\":\"MP04BC3242\",\"header\":\"INVOICE\"}'),
(342, 'August 28, 2019', '720.000', '129.600', '849.600', '849.600', '0.000', 352, '{\"selfName\":\"Saniya Enterprises\",\"selfAddress\":\"Bhopal Madhya Pradesh\",\"selfPhone\":\"9584444161\",\"selfGst\":\"23CPFPD6088B1Z8\",\"gstPercent\":\"18\"}', '{\"PartyName\":\"GANESH RAM SAHU\",\"PartyAddress\":\"ANAND NAGAR\",\"PartyPhone\":\"\",\"PartyGst\":\"\",\"Registration\":\"HR69A2922\",\"header\":\"INVOICE\"}'),
(341, 'August 26, 2019', '720.000', '129.600', '849.600', '849.600', '0.000', 351, '{\"selfName\":\"Saniya Enterprises\",\"selfAddress\":\"Bhopal Madhya Pradesh\",\"selfPhone\":\"9584444161\",\"selfGst\":\"23CPFPD6088B1Z8\",\"gstPercent\":\"18\"}', '{\"PartyName\":\"M/S SWASTIKAUTOPARTS\",\"PartyAddress\":\"LARANI MARKET\",\"PartyPhone\":\"\",\"PartyGst\":\"\",\"Registration\":\"MP04LC1930\",\"header\":\"INVOICE\"}'),
(340, 'August 26, 2019', '720.000', '129.600', '849.600', '849.600', '0.000', 350, '{\"selfName\":\"Saniya Enterprises\",\"selfAddress\":\"Bhopal Madhya Pradesh\",\"selfPhone\":\"9584444161\",\"selfGst\":\"23CPFPD6088B1Z8\",\"gstPercent\":\"18\"}', '{\"PartyName\":\"MAQSOODAHMADQURESHI\",\"PartyAddress\":\"IDGAH HILLS\",\"PartyPhone\":\"\",\"PartyGst\":\"\",\"Registration\":\"MP04CM1240\",\"header\":\"INVOICE\"}'),
(339, 'August 26, 2019', '720.000', '129.600', '849.600', '849.600', '0.000', 349, '{\"selfName\":\"Saniya Enterprises\",\"selfAddress\":\"Bhopal Madhya Pradesh\",\"selfPhone\":\"9584444161\",\"selfGst\":\"23CPFPD6088B1Z8\",\"gstPercent\":\"18\"}', '{\"PartyName\":\"GOPAL KUMARNAMDEV\",\"PartyAddress\":\"NARIYAL KHEDA\",\"PartyPhone\":\"\",\"PartyGst\":\"\",\"Registration\":\"MP04TA1307\",\"header\":\"INVOICE\"}'),
(338, 'August 24, 2019', '720.000', '129.600', '849.600', '849.600', '0.000', 348, '{\"selfName\":\"Saniya Enterprises\",\"selfAddress\":\"Bhopal Madhya Pradesh\",\"selfPhone\":\"9584444161\",\"selfGst\":\"23CPFPD6088B1Z8\",\"gstPercent\":\"18\"}', '{\"PartyName\":\"P S CONSTRUCTION\",\"PartyAddress\":\"NAPIER TOWN\",\"PartyPhone\":\"\",\"PartyGst\":\"\",\"Registration\":\"MP20HB7469\",\"header\":\"INVOICE\"}'),
(378, 'November 27, 2019', '4000.000', '720.000', '4720.000', '4720.000', '0.000', 388, '{\"selfName\":\"Saniya Enterprises\",\"selfAddress\":\"Bhopal Madhya Pradesh\",\"selfPhone\":\"9584444161\",\"selfGst\":\"23CPFPD6088B1Z8\",\"gstPercent\":\"18\"}', '{\"PartyName\":\"PRADEEP BARUA\",\"PartyAddress\":\"DIESEL ALAMGIR MASJIDNADRABUSSTAND\",\"PartyPhone\":\"\",\"PartyGst\":\"\",\"Registration\":\"MP04BA9955\",\"header\":\"INVOICE\"}'),
(369, 'October 26, 2019', '720.000', '129.600', '849.600', '849.600', '0.000', 379, '{\"selfName\":\"Saniya Enterprises\",\"selfAddress\":\"Bhopal Madhya Pradesh\",\"selfPhone\":\"9584444161\",\"selfGst\":\"23CPFPD6088B1Z8\",\"gstPercent\":\"18\"}', '{\"PartyName\":\"VIRENDRASINGHCHOUHAN\",\"PartyAddress\":\"KOKTA DAUDPUR\",\"PartyPhone\":\"\",\"PartyGst\":\"\",\"Registration\":\"UP93AT8515\",\"header\":\"INVOICE\"}'),
(360, 'October 01, 2019', '720.000', '129.600', '849.600', '849.600', '0.000', 370, '{\"selfName\":\"Saniya Enterprises\",\"selfAddress\":\"Bhopal Madhya Pradesh\",\"selfPhone\":\"9584444161\",\"selfGst\":\"23CPFPD6088B1Z8\",\"gstPercent\":\"18\"}', '{\"PartyName\":\"GYAN SINGH\nGYAN SINGH\nGYAN SINGH\nGYAN SINGH\nGYAN SINGH\",\"PartyAddress\":\"BHOPAL\",\"PartyPhone\":\"\",\"PartyGst\":\"\",\"Registration\":\"MP04GA8439\",\"header\":\"INVOICE\"}'),
(359, 'September 30, 2019', '720.000', '129.600', '849.600', '849.600', '0.000', 369, '{\"selfName\":\"Saniya Enterprises\",\"selfAddress\":\"Bhopal Madhya Pradesh\",\"selfPhone\":\"9584444161\",\"selfGst\":\"23CPFPD6088B1Z8\",\"gstPercent\":\"18\"}', '{\"PartyName\":\"BHURA KHAN\",\"PartyAddress\":\"JAHANGIRABAD\",\"PartyPhone\":\"\",\"PartyGst\":\"\",\"Registration\":\"MP04GB9639\",\"header\":\"INVOICE\"}'),
(350, 'September 23, 2019', '720.000', '129.600', '849.600', '849.600', '0.000', 360, '{\"selfName\":\"Saniya Enterprises\",\"selfAddress\":\"Bhopal Madhya Pradesh\",\"selfPhone\":\"9584444161\",\"selfGst\":\"23CPFPD6088B1Z8\",\"gstPercent\":\"18\"}', '{\"PartyName\":\"M/S SHRI GANESH TIMBER TRADERS\",\"PartyAddress\":\"ZONE II M P NAGAR\",\"PartyPhone\":\"\",\"PartyGst\":\"\",\"Registration\":\"MP04GA8054\",\"header\":\"INVOICE\"}'),
(349, 'September 23, 2019', '720.000', '129.600', '849.600', '849.600', '0.000', 359, '{\"selfName\":\"Saniya Enterprises\",\"selfAddress\":\"Bhopal Madhya Pradesh\",\"selfPhone\":\"9584444161\",\"selfGst\":\"23CPFPD6088B1Z8\",\"gstPercent\":\"18\"}', '{\"PartyName\":\"SHRI BADAM SINGH\",\"PartyAddress\":\"SEWANIYA POSTPIPLANI\",\"PartyPhone\":\"\",\"PartyGst\":\"\",\"Registration\":\"MP04LC5305\",\"header\":\"INVOICE\"}'),
(337, 'August 24, 2019', '720.000', '129.600', '849.600', '849.600', '0.000', 347, '{\"selfName\":\"Saniya Enterprises\",\"selfAddress\":\"Bhopal Madhya Pradesh\",\"selfPhone\":\"9584444161\",\"selfGst\":\"23CPFPD6088B1Z8\",\"gstPercent\":\"18\"}', '{\"PartyName\":\"P S CONSTRUCTION\",\"PartyAddress\":\"NAPIER TOWN\",\"PartyPhone\":\"\",\"PartyGst\":\"\",\"Registration\":\"MP20HB4669\",\"header\":\"INVOICE\"}'),
(336, 'August 24, 2019', '720.000', '129.600', '849.600', '849.600', '0.000', 346, '{\"selfName\":\"Saniya Enterprises\",\"selfAddress\":\"Bhopal Madhya Pradesh\",\"selfPhone\":\"9584444161\",\"selfGst\":\"23CPFPD6088B1Z8\",\"gstPercent\":\"18\"}', '{\"PartyName\":\"RASHEE CONTROL\",\"PartyAddress\":\"INDUSTRIALAREAGOVINDPURA\",\"PartyPhone\":\"\",\"PartyGst\":\"\",\"Registration\":\"MP04K8431\",\"header\":\"INVOICE\"}'),
(335, 'August 22, 2019', '720.000', '129.600', '849.600', '849.600', '0.000', 345, '{\"selfName\":\"Saniya Enterprises\",\"selfAddress\":\"Bhopal Madhya Pradesh\",\"selfPhone\":\"9584444161\",\"selfGst\":\"23CPFPD6088B1Z8\",\"gstPercent\":\"18\"}', '{\"PartyName\":\"RAM MANOHAR\",\"PartyAddress\":\"SUBIDH VIHAR\",\"PartyPhone\":\"\",\"PartyGst\":\"\",\"Registration\":\"MP04GA2435\",\"header\":\"INVOICE\"}'),
(334, 'August 22, 2019', '720.000', '129.600', '849.600', '849.600', '0.000', 344, '{\"selfName\":\"Saniya Enterprises\",\"selfAddress\":\"Bhopal Madhya Pradesh\",\"selfPhone\":\"9584444161\",\"selfGst\":\"23CPFPD6088B1Z8\",\"gstPercent\":\"18\"}', '{\"PartyName\":\"KOMAL BAI GAUR\",\"PartyAddress\":\"55SEWANIYAGONDTEH HUZUR\",\"PartyPhone\":\"\",\"PartyGst\":\"\",\"Registration\":\"MP04GA7918\",\"header\":\"INVOICE\"}'),
(333, 'August 20, 2019', '720.000', '129.600', '849.600', '849.600', '0.000', 343, '{\"selfName\":\"Saniya Enterprises\",\"selfAddress\":\"Bhopal Madhya Pradesh\",\"selfPhone\":\"9584444161\",\"selfGst\":\"23CPFPD6088B1Z8\",\"gstPercent\":\"18\"}', '{\"PartyName\":\"MAHARAJ SINGH\",\"PartyAddress\":\"A-19 AAZADA NAGAR\",\"PartyPhone\":\"\",\"PartyGst\":\"\",\"Registration\":\"DL1LD0793\",\"header\":\"INVOICE\"}'),
(332, 'August 06, 2019', '720.000', '129.600', '849.600', '849.600', '0.000', 342, '{\"selfName\":\"Saniya Enterprises\",\"selfAddress\":\"Bhopal Madhya Pradesh\",\"selfPhone\":\"9584444161\",\"selfGst\":\"23CPFPD6088B1Z8\",\"gstPercent\":\"18\"}', '{\"PartyName\":\"NAVEEN THAKUR\",\"PartyAddress\":\"161 L AYODHYA NAGAR\",\"PartyPhone\":\"\",\"PartyGst\":\"\",\"Registration\":\"MP12GA0975\",\"header\":\"INVOICE\"}'),
(331, 'August 03, 2019', '720.000', '129.600', '849.600', '849.600', '0.000', 341, '{\"selfName\":\"Saniya Enterprises\",\"selfAddress\":\"Bhopal Madhya Pradesh\",\"selfPhone\":\"9584444161\",\"selfGst\":\"23CPFPD6088B1Z8\",\"gstPercent\":\"18\"}', '{\"PartyName\":\"NASIM\",\"PartyAddress\":\"AISHBAGH STADIYAM\",\"PartyPhone\":\"\",\"PartyGst\":\"\",\"Registration\":\"MP04HA2233\",\"header\":\"INVOICE\"}'),
(330, 'August 03, 2019', '720.000', '129.600', '849.600', '849.600', '0.000', 340, '{\"selfName\":\"Saniya Enterprises\",\"selfAddress\":\"Bhopal Madhya Pradesh\",\"selfPhone\":\"9584444161\",\"selfGst\":\"23CPFPD6088B1Z8\",\"gstPercent\":\"18\"}', '{\"PartyName\":\"OMPRAKASH PATEL\",\"PartyAddress\":\"MISROD HUZUR\",\"PartyPhone\":\"\",\"PartyGst\":\"\",\"Registration\":\"MP04LC6482\",\"header\":\"INVOICE\"}'),
(329, 'August 01, 2019', '720.000', '129.600', '849.600', '849.600', '0.000', 339, '{\"selfName\":\"Saniya Enterprises\",\"selfAddress\":\"Bhopal Madhya Pradesh\",\"selfPhone\":\"9584444161\",\"selfGst\":\"23CPFPD6088B1Z8\",\"gstPercent\":\"18\"}', '{\"PartyName\":\"DEVENDRAKUMARRUSIYA\",\"PartyAddress\":\"267/9A SAKET NAGAR\",\"PartyPhone\":\"\",\"PartyGst\":\"\",\"Registration\":\"MP04GA1444\",\"header\":\"INVOICE\"}'),
(328, 'July 31, 2019', '2100.000', '378.000', '2478.000', '2478.000', '0.000', 338, '{\"selfName\":\"Saniya Enterprises\",\"selfAddress\":\"Bhopal Madhya Pradesh\",\"selfPhone\":\"9584444161\",\"selfGst\":\"23CPFPD6088B1Z8\",\"gstPercent\":\"18\"}', '{\"PartyName\":\"imran bhai\",\"PartyAddress\":\"dewash\",\"PartyPhone\":\"9827592228\",\"PartyGst\":\"\",\"Registration\":\"\",\"header\":\"INVOICE\"}'),
(327, 'July 31, 2019', '720.000', '129.600', '849.600', '849.600', '0.000', 337, '{\"selfName\":\"Saniya Enterprises\",\"selfAddress\":\"Bhopal Madhya Pradesh\",\"selfPhone\":\"9584444161\",\"selfGst\":\"23CPFPD6088B1Z8\",\"gstPercent\":\"18\"}', '{\"PartyName\":\"GAYATRIPARIWARTRUST\",\"PartyAddress\":\"GAYATRI SHAKTI PEETH\nZONE- 1, M P NAGAR\",\"PartyPhone\":\"\",\"PartyGst\":\"\",\"Registration\":\"MP04TA0123\",\"header\":\"INVOICE\"}'),
(326, 'July 27, 2019', '29200.000', '5256.000', '34456.000', '34456.000', '0.000', 336, '{\"selfName\":\"Saniya Enterprises\",\"selfAddress\":\"Bhopal Madhya Pradesh\",\"selfPhone\":\"9584444161\",\"selfGst\":\"23CPFPD6088B1Z8\",\"gstPercent\":\"18\"}', '{\"PartyName\":\"LION ENGINEERING\",\"PartyAddress\":\"97, ELEGANT ESTATE\",\"PartyPhone\":\"7879778779\",\"PartyGst\":\"23AACFL0168L1ZF\",\"Registration\":\"\",\"header\":\"INVOICE\"}'),
(325, 'July 18, 2019', '720.000', '129.600', '849.600', '849.600', '0.000', 335, '{\"selfName\":\"Saniya Enterprises\",\"selfAddress\":\"Bhopal Madhya Pradesh\",\"selfPhone\":\"9584444161\",\"selfGst\":\"23CPFPD6088B1Z8\",\"gstPercent\":\"18\"}', '{\"PartyName\":\"AMIT\",\"PartyAddress\":\"36/367  BAIRAGARH\",\"PartyPhone\":\"\",\"PartyGst\":\"\",\"Registration\":\"MP04GB9705\",\"header\":\"INVOICE\"}'),
(324, 'July 17, 2019', '19800.000', '3564.000', '23364.000', '23364.000', '0.000', 334, '{\"selfName\":\"Saniya Enterprises\",\"selfAddress\":\"Bhopal Madhya Pradesh\",\"selfPhone\":\"9584444161\",\"selfGst\":\"23CPFPD6088B1Z8\",\"gstPercent\":\"18\"}', '{\"PartyName\":\"SatyasaiTran-System Pvt Ltd\",\"PartyAddress\":\"SIKANDRABAD\",\"PartyPhone\":\"8099333203\",\"PartyGst\":\"36AAUCS8735P1Z4\",\"Registration\":\"\",\"header\":\"INVOICE\"}'),
(323, 'July 17, 2019', '720.000', '129.600', '849.600', '849.600', '0.000', 333, '{\"selfName\":\"Saniya Enterprises\",\"selfAddress\":\"Bhopal Madhya Pradesh\",\"selfPhone\":\"9584444161\",\"selfGst\":\"23CPFPD6088B1Z8\",\"gstPercent\":\"18\"}', '{\"PartyName\":\"MR SABIR\",\"PartyAddress\":\"2 RAVIDAS PURA\",\"PartyPhone\":\"\",\"PartyGst\":\"\",\"Registration\":\"MP04TA4918\",\"header\":\"INVOICE\"}'),
(322, 'July 17, 2019', '720.000', '129.600', '849.600', '849.600', '0.000', 332, '{\"selfName\":\"Saniya Enterprises\",\"selfAddress\":\"Bhopal Madhya Pradesh\",\"selfPhone\":\"9584444161\",\"selfGst\":\"23CPFPD6088B1Z8\",\"gstPercent\":\"18\"}', '{\"PartyName\":\"SUNIL KUMAR\",\"PartyAddress\":\"2 NEEL KANTHA APPT\",\"PartyPhone\":\"\",\"PartyGst\":\"\",\"Registration\":\"MP04HE2475\",\"header\":\"INVOICE\"}'),
(321, 'July 17, 2019', '720.000', '129.600', '849.600', '849.600', '0.000', 331, '{\"selfName\":\"Saniya Enterprises\",\"selfAddress\":\"Bhopal Madhya Pradesh\",\"selfPhone\":\"9584444161\",\"selfGst\":\"23CPFPD6088B1Z8\",\"gstPercent\":\"18\"}', '{\"PartyName\":\"ISRAR MOHAMMAD\",\"PartyAddress\":\"4708 MOTILAL NAGAR\",\"PartyPhone\":\"\",\"PartyGst\":\"\",\"Registration\":\"MP04GA3339\",\"header\":\"INVOICE\"}'),
(320, 'July 15, 2019', '2100.000', '378.000', '2478.000', '2478.000', '0.000', 330, '{\"selfName\":\"Saniya Enterprises\",\"selfAddress\":\"Bhopal Madhya Pradesh\",\"selfPhone\":\"9584444161\",\"selfGst\":\"23CPFPD6088B1Z8\",\"gstPercent\":\"18\"}', '{\"PartyName\":\"SANJIDA KHATUN\",\"PartyAddress\":\"MILENIUM GOLDIAPPTKOH E FIZA\",\"PartyPhone\":\"\",\"PartyGst\":\"\",\"Registration\":\"MP04TA4049\",\"header\":\"INVOICE\"}'),
(319, 'July 15, 2019', '720.000', '129.600', '849.600', '849.600', '0.000', 329, '{\"selfName\":\"Saniya Enterprises\",\"selfAddress\":\"Bhopal Madhya Pradesh\",\"selfPhone\":\"9584444161\",\"selfGst\":\"23CPFPD6088B1Z8\",\"gstPercent\":\"18\"}', '{\"PartyName\":\"NSB BPO SOLUTIONS\",\"PartyAddress\":\"REGD OFFICE97ZONE II M PNAGAR\",\"PartyPhone\":\"\",\"PartyGst\":\"\",\"Registration\":\"MP04LC7434\",\"header\":\"INVOICE\"}'),
(318, 'July 12, 2019', '720.000', '129.600', '849.600', '849.600', '0.000', 328, '{\"selfName\":\"Saniya Enterprises\",\"selfAddress\":\"Bhopal Madhya Pradesh\",\"selfPhone\":\"9584444161\",\"selfGst\":\"23CPFPD6088B1Z8\",\"gstPercent\":\"18\"}', '{\"PartyName\":\"SANTOSHSINGHKUSHWAHA\",\"PartyAddress\":\"ASHOK GARDEN\",\"PartyPhone\":\"\",\"PartyGst\":\"\",\"Registration\":\"MP04TA4324\",\"header\":\"INVOICE\"}'),
(317, 'July 11, 2019', '720.000', '129.600', '849.600', '849.600', '0.000', 327, '{\"selfName\":\"Saniya Enterprises\",\"selfAddress\":\"Bhopal Madhya Pradesh\",\"selfPhone\":\"9584444161\",\"selfGst\":\"23CPFPD6088B1Z8\",\"gstPercent\":\"18\"}', '{\"PartyName\":\"GRAT CEREYAL\",\"PartyAddress\":\"LAMBAKHEDA CHOURA\",\"PartyPhone\":\"\",\"PartyGst\":\"\",\"Registration\":\"MP04HB9095\",\"header\":\"INVOICE\"}'),
(316, 'July 11, 2019', '720.000', '129.600', '849.600', '849.600', '0.000', 326, '{\"selfName\":\"Saniya Enterprises\",\"selfAddress\":\"Bhopal Madhya Pradesh\",\"selfPhone\":\"9584444161\",\"selfGst\":\"23CPFPD6088B1Z8\",\"gstPercent\":\"18\"}', '{\"PartyName\":\"RAMU SHARMA\",\"PartyAddress\":\"1/15 PANCHSHEEL\",\"PartyPhone\":\"\",\"PartyGst\":\"\",\"Registration\":\"MP04LC6260\",\"header\":\"INVOICE\"}'),
(315, 'July 11, 2019', '720.000', '129.600', '849.600', '849.600', '0.000', 325, '{\"selfName\":\"Saniya Enterprises\",\"selfAddress\":\"Bhopal Madhya Pradesh\",\"selfPhone\":\"9584444161\",\"selfGst\":\"23CPFPD6088B1Z8\",\"gstPercent\":\"18\"}', '{\"PartyName\":\"NASIR SAIT\",\"PartyAddress\":\"H-2859 DHORI KHADAN\",\"PartyPhone\":\"\",\"PartyGst\":\"\",\"Registration\":\"DL1LM0995\",\"header\":\"INVOICE\"}'),
(314, 'July 10, 2019', '720.000', '129.600', '849.600', '849.600', '0.000', 324, '{\"selfName\":\"Saniya Enterprises\",\"selfAddress\":\"Bhopal Madhya Pradesh\",\"selfPhone\":\"9584444161\",\"selfGst\":\"23CPFPD6088B1Z8\",\"gstPercent\":\"18\"}', '{\"PartyName\":\"MOHD ANEES\",\"PartyAddress\":\"SHAJANABAD\",\"PartyPhone\":\"\",\"PartyGst\":\"\",\"Registration\":\"DL1LS3213\",\"header\":\"INVOICE\"}'),
(313, 'July 09, 2019', '720.000', '129.600', '849.600', '849.600', '0.000', 323, '{\"selfName\":\"Saniya Enterprises\",\"selfAddress\":\"Bhopal Madhya Pradesh\",\"selfPhone\":\"9584444161\",\"selfGst\":\"23CPFPD6088B1Z8\",\"gstPercent\":\"18\"}', '{\"PartyName\":\"NARESH DANGI\",\"PartyAddress\":\"HARRAKHEDATEHBAIRASIA\",\"PartyPhone\":\"\",\"PartyGst\":\"\",\"Registration\":\"MP04HE2659\",\"header\":\"INVOICE\"}'),
(312, 'July 03, 2019', '720.000', '129.600', '849.600', '849.600', '0.000', 322, '{\"selfName\":\"Saniya Enterprises\",\"selfAddress\":\"Bhopal Madhya Pradesh\",\"selfPhone\":\"9584444161\",\"selfGst\":\"23CPFPD6088B1Z8\",\"gstPercent\":\"18\"}', '{\"PartyName\":\"HASAN MIYAN\",\"PartyAddress\":\"156 ABDULLA GANJ\",\"PartyPhone\":\"\",\"PartyGst\":\"\",\"Registration\":\"MP04GA6630\",\"header\":\"INVOICE\"}'),
(311, 'July 01, 2019', '900.000', '162.000', '1062.000', '1062.000', '0.000', 321, '{\"selfName\":\"Saniya Enterprises\",\"selfAddress\":\"Bhopal Madhya Pradesh\",\"selfPhone\":\"9584444161\",\"selfGst\":\"23CPFPD6088B1Z8\",\"gstPercent\":\"18\"}', '{\"PartyName\":\"KALLU KHAN\",\"PartyAddress\":\"GANDHI NAGAR\",\"PartyPhone\":\"\",\"PartyGst\":\"\",\"Registration\":\"MP09GE2823\",\"header\":\"INVOICE\"}'),
(310, 'June 28, 2019', '900.000', '162.000', '1062.000', '1062.000', '0.000', 320, '{\"selfName\":\"Saniya Enterprises\",\"selfAddress\":\"Bhopal Madhya Pradesh\",\"selfPhone\":\"9584444161\",\"selfGst\":\"23CPFPD6088B1Z8\",\"gstPercent\":\"18\"}', '{\"PartyName\":\"NITIN VISHVAKARMA\",\"PartyAddress\":\"AYODHYA NAGAR\",\"PartyPhone\":\"\",\"PartyGst\":\"\",\"Registration\":\"MP04TA0123\",\"header\":\"INVOICE\"}'),
(309, 'June 24, 2019', '900.000', '162.000', '1062.000', '1062.000', '0.000', 319, '{\"selfName\":\"Saniya Enterprises\",\"selfAddress\":\"Bhopal Madhya Pradesh\",\"selfPhone\":\"9584444161\",\"selfGst\":\"23CPFPD6088B1Z8\",\"gstPercent\":\"18\"}', '{\"PartyName\":\"RAM KUMAR SING\",\"PartyAddress\":\"AYODHYA BY PAAS\",\"PartyPhone\":\"\",\"PartyGst\":\"\",\"Registration\":\"MP13GA1569\",\"header\":\"INVOICE\"}'),
(308, 'June 21, 2019', '48000.000', '8640.000', '56640.000', '56640.000', '0.000', 318, '{\"selfName\":\"Saniya Enterprises\",\"selfAddress\":\"Bhopal Madhya Pradesh\",\"selfPhone\":\"9584444161\",\"selfGst\":\"23CPFPD6088B1Z8\",\"gstPercent\":\"18\"}', '{\"PartyName\":\"A.N.B ENTERPRISES\",\"PartyAddress\":\"SINGROLI\",\"PartyPhone\":\"\",\"PartyGst\":\"23AH0PB1530D1Z3\",\"Registration\":\"MP04TA0123\",\"header\":\"INVOICE\"}'),
(307, 'June 20, 2019', '900.000', '162.000', '1062.000', '1062.000', '0.000', 317, '{\"selfName\":\"Saniya Enterprises\",\"selfAddress\":\"Bhopal Madhya Pradesh\",\"selfPhone\":\"9584444161\",\"selfGst\":\"23CPFPD6088B1Z8\",\"gstPercent\":\"18\"}', '{\"PartyName\":\"SHARIF KHAN\",\"PartyAddress\":\"GAS RAHATCOLONYKAROND\",\"PartyPhone\":\"\",\"PartyGst\":\"\",\"Registration\":\"DL1LK4541\",\"header\":\"INVOICE\"}'),
(306, 'June 18, 2019', '900.000', '162.000', '1062.000', '1062.000', '0.000', 316, '{\"selfName\":\"Saniya Enterprises\",\"selfAddress\":\"Bhopal Madhya Pradesh\",\"selfPhone\":\"9584444161\",\"selfGst\":\"23CPFPD6088B1Z8\",\"gstPercent\":\"18\"}', '{\"PartyName\":\"siraj bhai\",\"PartyAddress\":\"RAJGHAR\",\"PartyPhone\":\"8085267700\",\"PartyGst\":\"\",\"Registration\":\"MP04TA0123\",\"header\":\"INVOICE\"}'),
(305, 'June 17, 2019', '900.000', '162.000', '1062.000', '1062.000', '0.000', 315, '{\"selfName\":\"Saniya Enterprises\",\"selfAddress\":\"Bhopal Madhya Pradesh\",\"selfPhone\":\"9584444161\",\"selfGst\":\"\",\"gstPercent\":\"18\"}', '{\"PartyName\":\"MOHD ERFAN\",\"PartyAddress\":\"33 BAG FARHAT AFZA\",\"PartyPhone\":\"\",\"PartyGst\":\"\",\"Registration\":\"MP04GA7331\",\"header\":\"Estimate\"}'),
(304, 'June 14, 2019', '900.000', '162.000', '1062.000', '1062.000', '0.000', 314, '{\"selfName\":\"Saniya Enterprises\",\"selfAddress\":\"Bhopal Madhya Pradesh\",\"selfPhone\":\"9584444161\",\"selfGst\":\"23CPFPD6088B1Z8\",\"gstPercent\":\"18\"}', '{\"PartyName\":\"ADITYA\",\"PartyAddress\":\"PADMANABH NAGAR\",\"PartyPhone\":\"\",\"PartyGst\":\"\",\"Registration\":\"MP04TA5207\",\"header\":\"INVOICE\"}'),
(303, 'June 12, 2019', '900.000', '162.000', '1062.000', '1062.000', '0.000', 313, '{\"selfName\":\"Saniya Enterprises\",\"selfAddress\":\"Bhopal Madhya Pradesh\",\"selfPhone\":\"9584444161\",\"selfGst\":\"23CPFPD6088B1Z8\",\"gstPercent\":\"18\"}', '{\"PartyName\":\"PRAMOD KUMAR\",\"PartyAddress\":\"CHHAP KHAJURI SADAK\",\"PartyPhone\":\"\",\"PartyGst\":\"\",\"Registration\":\"MP04GB9661\",\"header\":\"INVOICE\"}'),
(302, 'June 11, 2019', '900.000', '162.000', '1062.000', '1062.000', '0.000', 312, '{\"selfName\":\"Saniya Enterprises\",\"selfAddress\":\"Bhopal Madhya Pradesh\",\"selfPhone\":\"9584444161\",\"selfGst\":\"23CPFPD6088B1Z8\",\"gstPercent\":\"18\"}', '{\"PartyName\":\"BHANU JAIN\",\"PartyAddress\":\"UJJAIN\",\"PartyPhone\":\"9424511774\",\"PartyGst\":\"\",\"Registration\":\"\",\"header\":\"INVOICE\"}'),
(301, 'June 07, 2019', '900.000', '162.000', '1062.000', '1062.000', '0.000', 311, '{\"selfName\":\"Saniya Enterprises\",\"selfAddress\":\"Bhopal Madhya Pradesh\",\"selfPhone\":\"9584444161\",\"selfGst\":\"23CPFPD6088B1Z8\",\"gstPercent\":\"18\"}', '{\"PartyName\":\"ROHIT SINGH\",\"PartyAddress\":\"CHANDBADIB CHOLA\",\"PartyPhone\":\"\",\"PartyGst\":\"\",\"Registration\":\"UP94T4029\",\"header\":\"INVOICE\"}'),
(300, 'June 03, 2019', '900.000', '162.000', '1062.000', '1062.000', '0.000', 310, '{\"selfName\":\"Saniya Enterprises\",\"selfAddress\":\"Bhopal Madhya Pradesh\",\"selfPhone\":\"9584444161\",\"selfGst\":\"23CPFPD6088B1Z8\",\"gstPercent\":\"18\"}', '{\"PartyName\":\"MOTI LAL\",\"PartyAddress\":\"BARELI RAISEN\",\"PartyPhone\":\"\",\"PartyGst\":\"\",\"Registration\":\"MP38G0330\",\"header\":\"INVOICE\"}'),
(299, 'June 01, 2019', '900.000', '162.000', '1062.000', '1062.000', '0.000', 309, '{\"selfName\":\"Saniya Enterprises\",\"selfAddress\":\"Bhopal Madhya Pradesh\",\"selfPhone\":\"9584444161\",\"selfGst\":\"23CPFPD6088B1Z8\",\"gstPercent\":\"18\"}', '{\"PartyName\":\"MRS GULABA\",\"PartyAddress\":\"BIJASEN KAMLA NAGAR\",\"PartyPhone\":\"\",\"PartyGst\":\"\",\"Registration\":\"MP04TA3758\",\"header\":\"INVOICE\"}'),
(298, 'May 31, 2019', '900.000', '162.000', '1062.000', '1062.000', '0.000', 308, '{\"selfName\":\"Saniya Enterprises\",\"selfAddress\":\"Bhopal Madhya Pradesh\",\"selfPhone\":\"9584444161\",\"selfGst\":\"23CPFPD6088B1Z8\",\"gstPercent\":\"18\"}', '{\"PartyName\":\"SYED ZAKIR ALI\",\"PartyAddress\":\"ASHOKA GARDEN\",\"PartyPhone\":\"\",\"PartyGst\":\"\",\"Registration\":\"MP04TA1662\",\"header\":\"INVOICE\"}'),
(297, 'May 31, 2019', '900.000', '162.000', '1062.000', '1062.000', '0.000', 307, '{\"selfName\":\"Saniya Enterprises\",\"selfAddress\":\"Bhopal Madhya Pradesh\",\"selfPhone\":\"9584444161\",\"selfGst\":\"23CPFPD6088B1Z8\",\"gstPercent\":\"18\"}', '{\"PartyName\":\"SONATH SINGH RAJPUT\",\"PartyAddress\":\"KOLAR NAGAR PALIKA\",\"PartyPhone\":\"\",\"PartyGst\":\"\",\"Registration\":\"MP04LC5176\",\"header\":\"INVOICE\"}'),
(296, 'May 30, 2019', '900.000', '162.000', '1062.000', '1062.000', '0.000', 306, '{\"selfName\":\"Saniya Enterprises\",\"selfAddress\":\"Bhopal Madhya Pradesh\",\"selfPhone\":\"9584444161\",\"selfGst\":\"23CPFPD6088B1Z8\",\"gstPercent\":\"18\"}', '{\"PartyName\":\"SHRI SUSHIL KUMAR\",\"PartyAddress\":\"KALPANA NAGAR\",\"PartyPhone\":\"\",\"PartyGst\":\"\",\"Registration\":\"MP04GA7529\",\"header\":\"INVOICE\"}'),
(295, 'May 30, 2019', '900.000', '162.000', '1062.000', '1062.000', '0.000', 304, '{\"selfName\":\"Saniya Enterprises\",\"selfAddress\":\"Bhopal Madhya Pradesh\",\"selfPhone\":\"9584444161\",\"selfGst\":\"23CPFPD6088B1Z8\",\"gstPercent\":\"18\"}', '{\"PartyName\":\"MALKHAN SINGH\",\"PartyAddress\":\"PLOT NO 10 PANCHSEEL NAGAR\",\"PartyPhone\":\"\",\"PartyGst\":\"\",\"Registration\":\"MP04TA4151\",\"header\":\"INVOICE\"}'),
(294, 'May 30, 2019', '900.000', '162.000', '1062.000', '1062.000', '0.000', 304, '{\"selfName\":\"Saniya Enterprises\",\"selfAddress\":\"Bhopal Madhya Pradesh\",\"selfPhone\":\"9584444161\",\"selfGst\":\"23CPFPD6088B1Z8\",\"gstPercent\":\"18\"}', '{\"PartyName\":\"MR MALKHAN SINGH\",\"PartyAddress\":\"PANCHSEEL NAGAR\",\"PartyPhone\":\"\",\"PartyGst\":\"\",\"Registration\":\"MP04TA4151\",\"header\":\"INVOICE\"}'),
(293, 'May 29, 2019', '900.000', '162.000', '1062.000', '1062.000', '0.000', 303, '{\"selfName\":\"Saniya Enterprises\",\"selfAddress\":\"Bhopal Madhya Pradesh\",\"selfPhone\":\"9584444161\",\"selfGst\":\"23CPFPD6088B1Z8\",\"gstPercent\":\"18\"}', '{\"PartyName\":\"AMIT SAHU\",\"PartyAddress\":\"PATELNAGAR\",\"PartyPhone\":\"\",\"PartyGst\":\"\",\"Registration\":\"MP13GA4971\",\"header\":\"INVOICE\"}'),
(292, 'May 28, 2019', '900.000', '162.000', '1062.000', '1062.000', '0.000', 302, '{\"selfName\":\"Saniya Enterprises\",\"selfAddress\":\"Bhopal Madhya Pradesh\",\"selfPhone\":\"9584444161\",\"selfGst\":\"23CPFPD6088B1Z8\",\"gstPercent\":\"18\"}', '{\"PartyName\":\"SALEEM AHAMAD\",\"PartyAddress\":\"H NO 23 BAG DIL KUSHA\",\"PartyPhone\":\"\",\"PartyGst\":\"\",\"Registration\":\"MP04TA0123\",\"header\":\"INVOICE\"}'),
(291, 'May 27, 2019', '900.000', '162.000', '1062.000', '1062.000', '0.000', 301, '{\"selfName\":\"Saniya Enterprises\",\"selfAddress\":\"Bhopal Madhya Pradesh\",\"selfPhone\":\"9584444161\",\"selfGst\":\"23CPFPD6088B1Z8\",\"gstPercent\":\"18\"}', '{\"PartyName\":\"N K M CABLES\",\"PartyAddress\":\"HAMIDIA ROAD\",\"PartyPhone\":\"\",\"PartyGst\":\"\",\"Registration\":\"MP04K6971\",\"header\":\"INVOICE\"}'),
(290, 'May 20, 2019', '900.000', '162.000', '1062.000', '1062.000', '0.000', 300, '{\"selfName\":\"Saniya Enterprises\",\"selfAddress\":\"Bhopal Madhya Pradesh\",\"selfPhone\":\"9584444161\",\"selfGst\":\"23CPFPD6088B1Z8\",\"gstPercent\":\"18\"}', '{\"PartyName\":\"PATIDAR EXPLOSIVE\",\"PartyAddress\":\"PROP SH MAHESH PATIDAR\nA-136 INDRA VIHAR\",\"PartyPhone\":\"\",\"PartyGst\":\"\",\"Registration\":\"MP04GA3583\",\"header\":\"INVOICE\"}'),
(289, 'May 16, 2019', '900.000', '162.000', '1062.000', '1062.000', '0.000', 299, '{\"selfName\":\"Saniya Enterprises\",\"selfAddress\":\"Bhopal Madhya Pradesh\",\"selfPhone\":\"9584444161\",\"selfGst\":\"23CPFPD6088B1Z8\",\"gstPercent\":\"18\"}', '{\"PartyName\":\"MR ABID BAG\",\"PartyAddress\":\"KAMLA PARK\",\"PartyPhone\":\"\",\"PartyGst\":\"\",\"Registration\":\"MP04CM4144\",\"header\":\"INVOICE\"}'),
(288, 'May 16, 2019', '900.000', '162.000', '1062.000', '1062.000', '0.000', 298, '{\"selfName\":\"Saniya Enterprises\",\"selfAddress\":\"Bhopal Madhya Pradesh\",\"selfPhone\":\"9584444161\",\"selfGst\":\"23CPFPD6088B1Z8\",\"gstPercent\":\"18\"}', '{\"PartyName\":\"KOMAL PRASAD SAHU\",\"PartyAddress\":\"KRISHNA NAGAR\",\"PartyPhone\":\"\",\"PartyGst\":\"\",\"Registration\":\"MP04GA5002\",\"header\":\"INVOICE\"}'),
(287, 'May 16, 2019', '900.000', '162.000', '1062.000', '1062.000', '0.000', 297, '{\"selfName\":\"Saniya Enterprises\",\"selfAddress\":\"Bhopal Madhya Pradesh\",\"selfPhone\":\"9584444161\",\"selfGst\":\"23CPFPD6088B1Z8\",\"gstPercent\":\"18\"}', '{\"PartyName\":\"BRIJESH KUSHWAHA\",\"PartyAddress\":\"GRAM, BAWADIYA KAlA\",\"PartyPhone\":\"\",\"PartyGst\":\"\",\"Registration\":\"MP04BC0155\",\"header\":\"INVOICE\"}'),
(286, 'May 16, 2019', '900.000', '162.000', '1062.000', '1062.000', '0.000', 296, '{\"selfName\":\"Saniya Enterprises\",\"selfAddress\":\"Bhopal Madhya Pradesh\",\"selfPhone\":\"9584444161\",\"selfGst\":\"23CPFPD6088B1Z8\",\"gstPercent\":\"18\"}', '{\"PartyName\":\"SHOAB BASIT QURESHI\",\"PartyAddress\":\"CHOLA ROAD BHOPAL\",\"PartyPhone\":\"\",\"PartyGst\":\"\",\"Registration\":\"MP04TA5531\",\"header\":\"INVOICE\"}'),
(285, 'May 09, 2019', '900.000', '162.000', '1062.000', '1062.000', '0.000', 295, '{\"selfName\":\"Saniya Enterprises\",\"selfAddress\":\"Bhopal Madhya Pradesh\",\"selfPhone\":\"9584444161\",\"selfGst\":\"23CPFPD6088B1Z8\",\"gstPercent\":\"18\"}', '{\"PartyName\":\"GULREZ AHMED\",\"PartyAddress\":\"CHAMARPURABUDHWARA\",\"PartyPhone\":\"\",\"PartyGst\":\"\",\"Registration\":\"MP04GA3804\",\"header\":\"INVOICE\"}'),
(284, 'May 06, 2019', '900.000', '162.000', '1062.000', '1062.000', '0.000', 294, '{\"selfName\":\"Saniya Enterprises\",\"selfAddress\":\"Bhopal Madhya Pradesh\",\"selfPhone\":\"9584444161\",\"selfGst\":\"23CPFPD6088B1Z8\",\"gstPercent\":\"18\"}', '{\"PartyName\":\"SHRI SAI INFRA\",\"PartyAddress\":\"ASHOKA GARDAN\",\"PartyPhone\":\"\",\"PartyGst\":\"\",\"Registration\":\"MP04PA1940\",\"header\":\"INVOICE\"}'),
(283, 'May 04, 2019', '900.000', '162.000', '1062.000', '1062.000', '0.000', 293, '{\"selfName\":\"Saniya Enterprises\",\"selfAddress\":\"Bhopal Madhya Pradesh\",\"selfPhone\":\"9584444161\",\"selfGst\":\"23CPFPD6088B1Z8\",\"gstPercent\":\"18\"}', '{\"PartyName\":\"PRINCIPAL COMBRIDGE\",\"PartyAddress\":\"KOH E FIZA BHOPAL\",\"PartyPhone\":\"\",\"PartyGst\":\"\",\"Registration\":\"MP04PA2868\",\"header\":\"INVOICE\"}'),
(282, 'May 03, 2019', '900.000', '162.000', '1062.000', '1062.000', '0.000', 292, '{\"selfName\":\"Saniya Enterprises\",\"selfAddress\":\"Bhopal Madhya Pradesh\",\"selfPhone\":\"9584444161\",\"selfGst\":\"23CPFPD6088B1Z8\",\"gstPercent\":\"18\"}', '{\"PartyName\":\"MAQSOOD AHMED\",\"PartyAddress\":\"IDGAH HILLS BHOPAL\",\"PartyPhone\":\"\",\"PartyGst\":\"\",\"Registration\":\"MH03BC2878\",\"header\":\"INVOICE\"}'),
(281, 'May 03, 2019', '900.000', '162.000', '1062.000', '1062.000', '0.000', 291, '{\"selfName\":\"Saniya Enterprises\",\"selfAddress\":\"Bhopal Madhya Pradesh\",\"selfPhone\":\"9584444161\",\"selfGst\":\"23CPFPD6088B1Z8\",\"gstPercent\":\"18\"}', '{\"PartyName\":\"MAQSOOD AHMAD\",\"PartyAddress\":\"IDGAH HILLS BHOPAL\",\"PartyPhone\":\"\",\"PartyGst\":\"\",\"Registration\":\"MH03BC2876\",\"header\":\"INVOICE\"}'),
(280, 'May 01, 2019', '900.000', '162.000', '1062.000', '1062.000', '0.000', 290, '{\"selfName\":\"Saniya Enterprises\",\"selfAddress\":\"Bhopal Madhya Pradesh\",\"selfPhone\":\"9584444161\",\"selfGst\":\"23CPFPD6088B1Z8\",\"gstPercent\":\"18\"}', '{\"PartyName\":\"MR DULAR SINGH\",\"PartyAddress\":\"HNO.51NARELA\",\"PartyPhone\":\"\",\"PartyGst\":\"\",\"Registration\":\"MP04GA1299\",\"header\":\"INVOICE\"}'),
(279, 'May 01, 2019', '900.000', '162.000', '1062.000', '1062.000', '0.000', 289, '{\"selfName\":\"Saniya Enterprises\",\"selfAddress\":\"Bhopal Madhya Pradesh\",\"selfPhone\":\"9584444161\",\"selfGst\":\"23CPFPD6088B1Z8\",\"gstPercent\":\"18\"}', '{\"PartyName\":\"M. P. CONVENT\",\"PartyAddress\":\"BARI BARELI\",\"PartyPhone\":\"\",\"PartyGst\":\"\",\"Registration\":\"MP38P0108\",\"header\":\"INVOICE\"}'),
(278, 'May 01, 2019', '900.000', '162.000', '1062.000', '1062.000', '0.000', 288, '{\"selfName\":\"Saniya Enterprises\",\"selfAddress\":\"Bhopal Madhya Pradesh\",\"selfPhone\":\"9584444161\",\"selfGst\":\"23CPFPD6088B1Z8\",\"gstPercent\":\"18\"}', '{\"PartyName\":\"ASIF ALI\",\"PartyAddress\":\"A-63 BAG UMRAO\",\"PartyPhone\":\"\",\"PartyGst\":\"\",\"Registration\":\"MP04HE3171\",\"header\":\"INVOICE\"}'),
(277, 'April 30, 2019', '900.000', '162.000', '1062.000', '1062.000', '0.000', 287, '{\"selfName\":\"Saniya Enterprises\",\"selfAddress\":\"Bhopal Madhya Pradesh\",\"selfPhone\":\"9584444161\",\"selfGst\":\"23CPFPD6088B1Z8\",\"gstPercent\":\"18\"}', '{\"PartyName\":\"CUBE CONSTRUCTION\",\"PartyAddress\":\"GANDHI MEDICAL\",\"PartyPhone\":\"\",\"PartyGst\":\"\",\"Registration\":\"GJ12AT8927\",\"header\":\"INVOICE\"}'),
(276, 'April 30, 2019', '900.000', '162.000', '1062.000', '1062.000', '0.000', 286, '{\"selfName\":\"Saniya Enterprises\",\"selfAddress\":\"Bhopal Madhya Pradesh\",\"selfPhone\":\"9584444161\",\"selfGst\":\"23CPFPD6088B1Z8\",\"gstPercent\":\"18\"}', '{\"PartyName\":\"CUBE CONSTRUCTION\",\"PartyAddress\":\"GANDHI MEDICAL\",\"PartyPhone\":\"\",\"PartyGst\":\"\",\"Registration\":\"GJ12Z4009\",\"header\":\"INVOICE\"}'),
(275, 'April 30, 2019', '900.000', '162.000', '1062.000', '1062.000', '0.000', 285, '{\"selfName\":\"Saniya Enterprises\",\"selfAddress\":\"Bhopal Madhya Pradesh\",\"selfPhone\":\"9584444161\",\"selfGst\":\"23CPFPD6088B1Z8\",\"gstPercent\":\"18\"}', '{\"PartyName\":\"SAM COLLEGE\",\"PartyAddress\":\"CHAWNI RAISEN ROAD\",\"PartyPhone\":\"\",\"PartyGst\":\"\",\"Registration\":\"MP04PA1788\",\"header\":\"INVOICE\"}'),
(274, 'April 29, 2019', '900.000', '162.000', '1062.000', '1062.000', '0.000', 284, '{\"selfName\":\"Saniya Enterprises\",\"selfAddress\":\"Bhopal Madhya Pradesh\",\"selfPhone\":\"9584444161\",\"selfGst\":\"23CPFPD6088B1Z8\",\"gstPercent\":\"18\"}', '{\"PartyName\":\"MARUTI TRANSPORT\",\"PartyAddress\":\"RAI SOCIETY ARERA CL\",\"PartyPhone\":\"\",\"PartyGst\":\"\",\"Registration\":\"MP04GA3510\",\"header\":\"INVOICE\"}'),
(273, 'April 29, 2019', '900.000', '162.000', '1062.000', '1062.000', '0.000', 283, '{\"selfName\":\"Saniya Enterprises\",\"selfAddress\":\"Bhopal Madhya Pradesh\",\"selfPhone\":\"9584444161\",\"selfGst\":\"23CPFPD6088B1Z8\",\"gstPercent\":\"18\"}', '{\"PartyName\":\"DULAR SINGH\",\"PartyAddress\":\"NARELA SHANKARI\",\"PartyPhone\":\"\",\"PartyGst\":\"\",\"Registration\":\"MP04TA0123\",\"header\":\"INVOICE\"}'),
(272, 'April 29, 2019', '900.000', '162.000', '1062.000', '1062.000', '0.000', 282, '{\"selfName\":\"Saniya Enterprises\",\"selfAddress\":\"Bhopal Madhya Pradesh\",\"selfPhone\":\"9584444161\",\"selfGst\":\"23CPFPD6088B1Z8\",\"gstPercent\":\"18\"}', '{\"PartyName\":\"SAGAR SINGH\",\"PartyAddress\":\"BARKHEDA PIPLANI\",\"PartyPhone\":\"\",\"PartyGst\":\"\",\"Registration\":\"DL1LP5959\",\"header\":\"INVOICE\"}'),
(271, 'April 26, 2019', '1100.000', '198.000', '1298.000', '1298.000', '0.000', 281, '{\"selfName\":\"Saniya Enterprises\",\"selfAddress\":\"Bhopal Madhya Pradesh\",\"selfPhone\":\"9584444161\",\"selfGst\":\"23CPFPD6088B1Z8\",\"gstPercent\":\"18\"}', '{\"PartyName\":\"imran ji\",\"PartyAddress\":\"dewash\",\"PartyPhone\":\"9827592228\",\"PartyGst\":\"\",\"Registration\":\"\",\"header\":\"INVOICE\"}');
INSERT INTO `invoice_more` (`id`, `invoice_date`, `subtotal`, `gst`, `total`, `paid`, `due`, `fk_ID_Invoice`, `Address`, `PartyAddress`) VALUES
(270, 'April 26, 2019', '24000.000', '4320.000', '28320.000', '28320.000', '0.000', 280, '{\"selfName\":\"Saniya Enterprises\",\"selfAddress\":\"Bhopal Madhya Pradesh\",\"selfPhone\":\"9584444161\",\"selfGst\":\"23CPFPD6088B1Z8\",\"gstPercent\":\"18\"}', '{\"PartyName\":\"ANB ENTERPRISES\",\"PartyAddress\":\"SINRAULI\",\"PartyPhone\":\"\",\"PartyGst\":\"23AHOPB1530D1Z3\",\"Registration\":\"MP04TA0123\",\"header\":\"INVOICE\"}'),
(269, 'April 26, 2019', '900.000', '162.000', '1062.000', '1062.000', '0.000', 279, '{\"selfName\":\"Saniya Enterprises\",\"selfAddress\":\"Bhopal Madhya Pradesh\",\"selfPhone\":\"9584444161\",\"selfGst\":\"23CPFPD6088B1Z8\",\"gstPercent\":\"18\"}', '{\"PartyName\":\"BRIJ MOHAN SAHU\",\"PartyAddress\":\"NAGAR\nKAROND KALA\",\"PartyPhone\":\"\",\"PartyGst\":\"\",\"Registration\":\"MP04TA0123MP04LC141MP04LC1413\",\"header\":\"INVOICE\"}'),
(268, 'April 18, 2019', '900.000', '162.000', '1062.000', '1062.000', '0.000', 278, '{\"selfName\":\"Saniya Enterprises\",\"selfAddress\":\"Bhopal Madhya Pradesh\",\"selfPhone\":\"9584444161\",\"selfGst\":\"23CPFPD6088B1Z8\",\"gstPercent\":\"18\"}', '{\"PartyName\":\"UNIQUE\",\"PartyAddress\":\"ARERA COLONY\",\"PartyPhone\":\"\",\"PartyGst\":\"\",\"Registration\":\"MP40GA0204\",\"header\":\"INVOICE\"}'),
(267, 'April 16, 2019', '900.000', '162.000', '1062.000', '1062.000', '0.000', 277, '{\"selfName\":\"Saniya Enterprises\",\"selfAddress\":\"Bhopal Madhya Pradesh\",\"selfPhone\":\"9584444161\",\"selfGst\":\"23CPFPD6088B1Z8\",\"gstPercent\":\"18\"}', '{\"PartyName\":\"SHEETAL SINGH\",\"PartyAddress\":\"DUPLEX NO 55 REGAL KASTURI\nREGAL TOWN AWAD.\",\"PartyPhone\":\"\",\"PartyGst\":\"\",\"Registration\":\"DL1VB7649\",\"header\":\"INVOICE\"}'),
(266, 'April 15, 2019', '900.000', '162.000', '1062.000', '1062.000', '0.000', 276, '{\"selfName\":\"Saniya Enterprises\",\"selfAddress\":\"Bhopal Madhya Pradesh\",\"selfPhone\":\"9584444161\",\"selfGst\":\"23CPFPD6088B1Z8\",\"gstPercent\":\"18\"}', '{\"PartyName\":\"VIMAL KUMAR JAIN\",\"PartyAddress\":\"C 459, SHAHPURA\",\"PartyPhone\":\"\",\"PartyGst\":\"\",\"Registration\":\"MP04H9121\",\"header\":\"INVOICE\"}'),
(265, 'April 11, 2019', '900.000', '162.000', '1062.000', '1062.000', '0.000', 275, '{\"selfName\":\"Saniya Enterprises\",\"selfAddress\":\"Bhopal Madhya Pradesh\",\"selfPhone\":\"9584444161\",\"selfGst\":\"23CPFPD6088B1Z8\",\"gstPercent\":\"18\"}', '{\"PartyName\":\"KAMLESH PATEL\",\"PartyAddress\":\"458 MEERA MANDIR\",\"PartyPhone\":\"\",\"PartyGst\":\"\",\"Registration\":\"MP04TA3198\",\"header\":\"INVOICE\"}'),
(264, 'April 08, 2019', '900.000', '162.000', '1062.000', '0.000', '1062.000', 274, '{\"selfName\":\"Saniya Enterprises\",\"selfAddress\":\"Bhopal Madhya Pradesh\",\"selfPhone\":\"9584444161\",\"selfGst\":\"23CPFPD6088B1Z8\",\"gstPercent\":\"18\"}', '{\"PartyName\":\"AMIR\",\"PartyAddress\":\"JINSI JAHANGIRABAD\",\"PartyPhone\":\"\",\"PartyGst\":\"\",\"Registration\":\"MP04TA0123\",\"header\":\"INVOICE\"}'),
(263, 'April 05, 2019', '900.000', '162.000', '1062.000', '1062.000', '0.000', 273, '{\"selfName\":\"Saniya Enterprises\",\"selfAddress\":\"Bhopal Madhya Pradesh\",\"selfPhone\":\"9584444161\",\"selfGst\":\"23CPFPD6088B1Z8\",\"gstPercent\":\"18\"}', '{\"PartyName\":\"RAJENDRA SINGH\",\"PartyAddress\":\"NISHATPURA BERASIA\",\"PartyPhone\":\"\",\"PartyGst\":\"\",\"Registration\":\"MP04HE9807\",\"header\":\"INVOICE\"}'),
(262, 'April 05, 2019', '900.000', '162.000', '1062.000', '0.000', '1062.000', 272, '{\"selfName\":\"Saniya Enterprises\",\"selfAddress\":\"Bhopal Madhya Pradesh\",\"selfPhone\":\"9584444161\",\"selfGst\":\"23CPFPD6088B1Z8\",\"gstPercent\":\"18\"}', '{\"PartyName\":\"MOHD SARVAR\",\"PartyAddress\":\"JAHANGIRABAD\",\"PartyPhone\":\"\",\"PartyGst\":\"\",\"Registration\":\"MP09KA3749\",\"header\":\"INVOICE\"}'),
(261, 'April 05, 2019', '900.000', '162.000', '1062.000', '0.000', '1062.000', 271, '{\"selfName\":\"Saniya Enterprises\",\"selfAddress\":\"Bhopal Madhya Pradesh\",\"selfPhone\":\"9584444161\",\"selfGst\":\"23CPFPD6088B1Z8\",\"gstPercent\":\"18\"}', '{\"PartyName\":\"PREM SINGH\",\"PartyAddress\":\"15 BANJARA BASTI\",\"PartyPhone\":\"\",\"PartyGst\":\"\",\"Registration\":\"DL1LE2654\",\"header\":\"INVOICE\"}'),
(260, 'April 04, 2019', '900.000', '162.000', '1062.000', '1062.000', '0.000', 270, '{\"selfName\":\"Saniya Enterprises\",\"selfAddress\":\"Bhopal Madhya Pradesh\",\"selfPhone\":\"9584444161\",\"selfGst\":\"23CPFPD6088B1Z8\",\"gstPercent\":\"18\"}', '{\"PartyName\":\"ASHISH KUMAR RAV\",\"PartyAddress\":\"271 VIDISHA ROAD\",\"PartyPhone\":\"\",\"PartyGst\":\"\",\"Registration\":\"MP04TA5294\",\"header\":\"INVOICE\"}'),
(259, 'April 04, 2019', '900.000', '162.000', '1062.000', '1062.000', '0.000', 269, '{\"selfName\":\"Saniya Enterprises\",\"selfAddress\":\"Bhopal Madhya Pradesh\",\"selfPhone\":\"9584444161\",\"selfGst\":\"23CPFPD6088B1Z8\",\"gstPercent\":\"18\"}', '{\"PartyName\":\"JAVED KHAN\",\"PartyAddress\":\"JAHANGIRABAD\",\"PartyPhone\":\"\",\"PartyGst\":\"\",\"Registration\":\"MP40LA0721\",\"header\":\"INVOICE\"}'),
(258, 'April 03, 2019', '900.000', '162.000', '1062.000', '1062.000', '0.000', 268, '{\"selfName\":\"Saniya Enterprises\",\"selfAddress\":\"Bhopal Madhya Pradesh\",\"selfPhone\":\"9584444161\",\"selfGst\":\"23CPFPD6088B1Z8\",\"gstPercent\":\"18\"}', '{\"PartyName\":\"RASHID KHAN\",\"PartyAddress\":\"IDGAH HILLS\",\"PartyPhone\":\"\",\"PartyGst\":\"\",\"Registration\":\"MP04GA1779\",\"header\":\"INVOICE\"}'),
(257, 'April 03, 2019', '900.000', '162.000', '1062.000', '1062.000', '0.000', 267, '{\"selfName\":\"Saniya Enterprises\",\"selfAddress\":\"Bhopal Madhya Pradesh\",\"selfPhone\":\"9584444161\",\"selfGst\":\"23CPFPD6088B1Z8\",\"gstPercent\":\"18\"}', '{\"PartyName\":\"ZAHID\",\"PartyAddress\":\"H-78 INDRA NAGAR\",\"PartyPhone\":\"\",\"PartyGst\":\"\",\"Registration\":\"MP04TA9199\",\"header\":\"INVOICE\"}'),
(256, 'April 01, 2019', '900.000', '162.000', '1062.000', '1062.000', '0.000', 266, '{\"selfName\":\"Saniya Enterprises\",\"selfAddress\":\"Bhopal Madhya Pradesh\",\"selfPhone\":\"9584444161\",\"selfGst\":\"23CPFPD6088B1Z8\",\"gstPercent\":\"18\"}', '{\"PartyName\":\"PATIDAR EXPLOSIVE\",\"PartyAddress\":\"A/136 INDRA VIHAR\",\"PartyPhone\":\"\",\"PartyGst\":\"\",\"Registration\":\"MP04HE1478\",\"header\":\"INVOICE\"}'),
(255, 'March 30, 2019', '900.000', '162.000', '1062.000', '1062.000', '0.000', 265, '{\"selfName\":\"Saniya Enterprises\",\"selfAddress\":\"Bhopal Madhya Pradesh\",\"selfPhone\":\"9584444161\",\"selfGst\":\"23CPFPD6088B1Z8\",\"gstPercent\":\"18\"}', '{\"PartyName\":\"SURESH KUMAR\",\"PartyAddress\":\"-29 FLAT NO-4 AKASH\",\"PartyPhone\":\"\",\"PartyGst\":\"\",\"Registration\":\"MP04GA3921\",\"header\":\"INVOICE\"}'),
(254, 'March 30, 2019', '900.000', '162.000', '1062.000', '1062.000', '0.000', 264, '{\"selfName\":\"Saniya Enterprises\",\"selfAddress\":\"Bhopal Madhya Pradesh\",\"selfPhone\":\"9584444161\",\"selfGst\":\"23CPFPD6088B1Z8\",\"gstPercent\":\"18\"}', '{\"PartyName\":\"WORLD VISION\",\"PartyAddress\":\"E-7/771 ARERA\",\"PartyPhone\":\"\",\"PartyGst\":\"\",\"Registration\":\"MP04LC7424\",\"header\":\"INVOICE\"}'),
(253, 'March 30, 2019', '900.000', '162.000', '1062.000', '1062.000', '0.000', 263, '{\"selfName\":\"Saniya Enterprises\",\"selfAddress\":\"Bhopal Madhya Pradesh\",\"selfPhone\":\"9584444161\",\"selfGst\":\"23CPFPD6088B1Z8\",\"gstPercent\":\"18\"}', '{\"PartyName\":\"SANJAY PANDEY\",\"PartyAddress\":\"14/9 NORTH T T NAGAR\",\"PartyPhone\":\"\",\"PartyGst\":\"\",\"Registration\":\"MP04TA4951\",\"header\":\"INVOICE\"}'),
(252, 'March 30, 2019', '900.000', '162.000', '1062.000', '1062.000', '0.000', 262, '{\"selfName\":\"Saniya Enterprises\",\"selfAddress\":\"Bhopal Madhya Pradesh\",\"selfPhone\":\"9584444161\",\"selfGst\":\"23CPFPD6088B1Z8\",\"gstPercent\":\"18\"}', '{\"PartyName\":\"MR MUBARAK KHAN\",\"PartyAddress\":\"SETTI NAGAR\",\"PartyPhone\":\"\",\"PartyGst\":\"\",\"Registration\":\"MP04TA4396\",\"header\":\"INVOICE\"}'),
(251, 'March 29, 2019', '900.000', '162.000', '1062.000', '1062.000', '0.000', 261, '{\"selfName\":\"Saniya Enterprises\",\"selfAddress\":\"Bhopal Madhya Pradesh\",\"selfPhone\":\"9584444161\",\"selfGst\":\"23CPFPD6088B1Z8\",\"gstPercent\":\"18\"}', '{\"PartyName\":\"LAXMAN LAKHANI\",\"PartyAddress\":\"807 GANDHI NAGAR\",\"PartyPhone\":\"\",\"PartyGst\":\"\",\"Registration\":\"MP09LN9445\",\"header\":\"INVOICE\"}'),
(250, 'March 28, 2019', '900.000', '162.000', '1062.000', '1062.000', '0.000', 260, '{\"selfName\":\"Saniya Enterprises\",\"selfAddress\":\"Bhopal Madhya Pradesh\",\"selfPhone\":\"9584444161\",\"selfGst\":\"23CPFPD6088B1Z8\",\"gstPercent\":\"18\"}', '{\"PartyName\":\"MP04TA0272\",\"PartyAddress\":\"113 AYODHYA BY PASS\",\"PartyPhone\":\"\",\"PartyGst\":\"\",\"Registration\":\"MP04TA0272\",\"header\":\"INVOICE\"}'),
(249, 'March 23, 2019', '900.000', '162.000', '1062.000', '1062.000', '0.000', 259, '{\"selfName\":\"Saniya Enterprises\",\"selfAddress\":\"Bhopal Madhya Pradesh\",\"selfPhone\":\"9584444161\",\"selfGst\":\"23CPFPD6088B1Z8\",\"gstPercent\":\"18\"}', '{\"PartyName\":\"CHIMAN KUMAR RAJAK\",\"PartyAddress\":\"40 RISHI NAGAR\",\"PartyPhone\":\"\",\"PartyGst\":\"\",\"Registration\":\"MP04TA1558\",\"header\":\"INVOICE\"}'),
(248, 'March 23, 2019', '900.000', '162.000', '1062.000', '1062.000', '0.000', 258, '{\"selfName\":\"Saniya Enterprises\",\"selfAddress\":\"Bhopal Madhya Pradesh\",\"selfPhone\":\"9584444161\",\"selfGst\":\"23CPFPD6088B1Z8\",\"gstPercent\":\"18\"}', '{\"PartyName\":\"FAYYAD KHAN\",\"PartyAddress\":\"30 82 MURLI NAGAR\",\"PartyPhone\":\"\",\"PartyGst\":\"\",\"Registration\":\"MP04T8257\",\"header\":\"INVOICE\"}'),
(247, 'March 23, 2019', '900.000', '162.000', '1062.000', '1062.000', '0.000', 257, '{\"selfName\":\"Saniya Enterprises\",\"selfAddress\":\"Bhopal Madhya Pradesh\",\"selfPhone\":\"9584444161\",\"selfGst\":\"23CPFPD6088B1Z8\",\"gstPercent\":\"18\"}', '{\"PartyName\":\"WASEEM AHMAD\",\"PartyAddress\":\"1089 NEW ARIF NAGAR\",\"PartyPhone\":\"\",\"PartyGst\":\"\",\"Registration\":\"MP04TA1305\",\"header\":\"INVOICE\"}'),
(246, 'March 23, 2019', '900.000', '162.000', '1062.000', '1062.000', '0.000', 256, '{\"selfName\":\"Saniya Enterprises\",\"selfAddress\":\"Bhopal Madhya Pradesh\",\"selfPhone\":\"9584444161\",\"selfGst\":\"23CPFPD6088B1Z8\",\"gstPercent\":\"18\"}', '{\"PartyName\":\"ASHOK GOUR\",\"PartyAddress\":\"52 NEAR DURGA MANDI\",\"PartyPhone\":\"\",\"PartyGst\":\"\",\"Registration\":\"MP04TA6244\",\"header\":\"INVOICE\"}'),
(245, 'March 23, 2019', '900.000', '162.000', '1062.000', '1062.000', '0.000', 255, '{\"selfName\":\"Saniya Enterprises\",\"selfAddress\":\"Bhopal Madhya Pradesh\",\"selfPhone\":\"9584444161\",\"selfGst\":\"23CPFPD6088B1Z8\",\"gstPercent\":\"18\"}', '{\"PartyName\":\"\",\"PartyAddress\":\"\",\"PartyPhone\":\"\",\"PartyGst\":\"\",\"Registration\":\"MP04TA0123\",\"header\":\"INVOICE\"}'),
(244, 'March 20, 2019', '1100.000', '198.000', '1298.000', '1298.000', '0.000', 254, '{\"selfName\":\"Saniya Enterprises\",\"selfAddress\":\"Bhopal Madhya Pradesh\",\"selfPhone\":\"9584444161\",\"selfGst\":\"23CPFPD6088B1Z8\",\"gstPercent\":\"18\"}', '{\"PartyName\":\"ABDUL NASIR KHAN\",\"PartyAddress\":\"RAISEN ROAD\",\"PartyPhone\":\"\",\"PartyGst\":\"\",\"Registration\":\"MP04GA0692\",\"header\":\"INVOICE\"}'),
(243, 'March 19, 2019', '1100.000', '198.000', '1298.000', '1298.000', '0.000', 253, '{\"selfName\":\"Saniya Enterprises\",\"selfAddress\":\"Bhopal Madhya Pradesh\",\"selfPhone\":\"9584444161\",\"selfGst\":\"23CPFPD6088B1Z8\",\"gstPercent\":\"18\"}', '{\"PartyName\":\"RAM BHAROS\",\"PartyAddress\":\"H NO 16 GALI NO 2 AHATA\nMANKASHA PULBOGDA\",\"PartyPhone\":\"\",\"PartyGst\":\"\",\"Registration\":\"MP04GA6317\",\"header\":\"INVOICE\"}'),
(242, 'March 18, 2019', '1100.000', '198.000', '1298.000', '1298.000', '0.000', 252, '{\"selfName\":\"Saniya Enterprises\",\"selfAddress\":\"Bhopal Madhya Pradesh\",\"selfPhone\":\"9584444161\",\"selfGst\":\"23CPFPD6088B1Z8\",\"gstPercent\":\"18\"}', '{\"PartyName\":\"AMIT\",\"PartyAddress\":\"VILL GHOSLA\",\"PartyPhone\":\"7000574505\",\"PartyGst\":\"\",\"Registration\":\"HR55L4880\",\"header\":\"INVOICE\"}'),
(241, 'March 13, 2019', '900.000', '162.000', '1062.000', '1062.000', '0.000', 251, '{\"selfName\":\"Saniya Enterprises\",\"selfAddress\":\"Bhopal Madhya Pradesh\",\"selfPhone\":\"9584444161\",\"selfGst\":\"23CPFPD6088B1Z8\",\"gstPercent\":\"18\"}', '{\"PartyName\":\"KAMAL SINGH\",\"PartyAddress\":\"-53 MEERA MANDIR\",\"PartyPhone\":\"\",\"PartyGst\":\"\",\"Registration\":\"MP04TA3979\",\"header\":\"INVOICE\"}'),
(240, 'March 06, 2019', '1100.000', '198.000', '1298.000', '1298.000', '0.000', 250, '{\"selfName\":\"Saniya Enterprises\",\"selfAddress\":\"Bhopal Madhya Pradesh\",\"selfPhone\":\"9584444161\",\"selfGst\":\"23CPFPD6088B1Z8\",\"gstPercent\":\"18\"}', '{\"PartyName\":\"INAYAT KHAN\",\"PartyAddress\":\"MANLWRA BHOPAL\",\"PartyPhone\":\"\",\"PartyGst\":\"\",\"Registration\":\"MP09GA5663\",\"header\":\"INVOICE\"}'),
(239, 'March 06, 2019', '900.000', '162.000', '1062.000', '1062.000', '0.000', 249, '{\"selfName\":\"Saniya Enterprises\",\"selfAddress\":\"Bhopal Madhya Pradesh\",\"selfPhone\":\"9584444161\",\"selfGst\":\"23CPFPD6088B1Z8\",\"gstPercent\":\"18\"}', '{\"PartyName\":\"VISHNU PRASAD\",\"PartyAddress\":\"VIDYA NAGAR\",\"PartyPhone\":\"\",\"PartyGst\":\"\",\"Registration\":\"MP04GA6196\",\"header\":\"INVOICE\"}'),
(238, 'March 02, 2019', '900.000', '162.000', '1062.000', '1062.000', '0.000', 248, '{\"selfName\":\"Saniya Enterprises\",\"selfAddress\":\"Bhopal Madhya Pradesh\",\"selfPhone\":\"9584444161\",\"selfGst\":\"23CPFPD6088B1Z8\",\"gstPercent\":\"18\"}', '{\"PartyName\":\"BABU KHAN\",\"PartyAddress\":\"215 NAWAB COLONY\",\"PartyPhone\":\"\",\"PartyGst\":\"\",\"Registration\":\"DL1LK5146\",\"header\":\"INVOICE\"}'),
(237, 'March 02, 2019', '900.000', '162.000', '1062.000', '1062.000', '0.000', 247, '{\"selfName\":\"Saniya Enterprises\",\"selfAddress\":\"Bhopal Madhya Pradesh\",\"selfPhone\":\"9584444161\",\"selfGst\":\"23CPFPD6088B1Z8\",\"gstPercent\":\"18\"}', '{\"PartyName\":\"SURENDRA SINGH\",\"PartyAddress\":\"5 KARARIYA FARM\",\"PartyPhone\":\"\",\"PartyGst\":\"\",\"Registration\":\"MP04HE2980\",\"header\":\"INVOICE\"}'),
(236, 'March 02, 2019', '900.000', '162.000', '1062.000', '1062.000', '0.000', 246, '{\"selfName\":\"Saniya Enterprises\",\"selfAddress\":\"Bhopal Madhya Pradesh\",\"selfPhone\":\"9584444161\",\"selfGst\":\"23CPFPD6088B1Z8\",\"gstPercent\":\"18\"}', '{\"PartyName\":\"ANANYA AOTU MOBILE\",\"PartyAddress\":\"52 3RD FLOUR\nM P NAGAR ZONE I\",\"PartyPhone\":\"\",\"PartyGst\":\"\",\"Registration\":\"MP04GA4793\",\"header\":\"INVOICE\"}'),
(235, 'March 02, 2019', '900.000', '162.000', '1062.000', '1062.000', '0.000', 245, '{\"selfName\":\"Saniya Enterprises\",\"selfAddress\":\"Bhopal Madhya Pradesh\",\"selfPhone\":\"9584444161\",\"selfGst\":\"23CPFPD6088B1Z8\",\"gstPercent\":\"18\"}', '{\"PartyName\":\"JITENDRA VERMA\",\"PartyAddress\":\"256 MEERA BAI MANDIR\",\"PartyPhone\":\"\",\"PartyGst\":\"\",\"Registration\":\"MP04LC7151\",\"header\":\"INVOICE\"}'),
(234, 'March 02, 2019', '900.000', '162.000', '1062.000', '1062.000', '0.000', 244, '{\"selfName\":\"Saniya Enterprises\",\"selfAddress\":\"Bhopal Madhya Pradesh\",\"selfPhone\":\"9584444161\",\"selfGst\":\"23CPFPD6088B1Z8\",\"gstPercent\":\"18\"}', '{\"PartyName\":\"IQBAL UDDIN\",\"PartyAddress\":\"25 B HAZRAT NIZAM\",\"PartyPhone\":\"\",\"PartyGst\":\"\",\"Registration\":\"MP04TA5297\",\"header\":\"INVOICE\"}'),
(233, 'February 27, 2019', '900.000', '162.000', '1062.000', '1062.000', '0.000', 243, '{\"selfName\":\"Saniya Enterprises\",\"selfAddress\":\"Bhopal Madhya Pradesh\",\"selfPhone\":\"9584444161\",\"selfGst\":\"23CPFPD6088B1Z8\",\"gstPercent\":\"18\"}', '{\"PartyName\":\"VIJAY KUMAR SAHU\",\"PartyAddress\":\"229 LALITA NAGAR\",\"PartyPhone\":\"\",\"PartyGst\":\"\",\"Registration\":\"MP04LC3335\",\"header\":\"INVOICE\"}'),
(232, 'February 27, 2019', '900.000', '162.000', '1062.000', '1062.000', '0.000', 242, '{\"selfName\":\"Saniya Enterprises\",\"selfAddress\":\"Bhopal Madhya Pradesh\",\"selfPhone\":\"9584444161\",\"selfGst\":\"23CPFPD6088B1Z8\",\"gstPercent\":\"18\"}', '{\"PartyName\":\"INDRA LAL\",\"PartyAddress\":\"194, BAGMUGALIYA\",\"PartyPhone\":\"\",\"PartyGst\":\"\",\"Registration\":\"MP04TB0226\",\"header\":\"INVOICE\"}'),
(231, 'February 26, 2019', '900.000', '162.000', '1062.000', '1062.000', '0.000', 241, '{\"selfName\":\"Saniya Enterprises\",\"selfAddress\":\"Bhopal Madhya Pradesh\",\"selfPhone\":\"9584444161\",\"selfGst\":\"23CPFPD6088B1Z8\",\"gstPercent\":\"18\"}', '{\"PartyName\":\"GULAB SINGH\",\"PartyAddress\":\"TANA TAN DHABA\",\"PartyPhone\":\"\",\"PartyGst\":\"\",\"Registration\":\"MP04TA6633\",\"header\":\"INVOICE\"}'),
(230, 'February 25, 2019', '900.000', '162.000', '1062.000', '1062.000', '0.000', 240, '{\"selfName\":\"Saniya Enterprises\",\"selfAddress\":\"Bhopal Madhya Pradesh\",\"selfPhone\":\"9584444161\",\"selfGst\":\"23CPFPD6088B1Z8\",\"gstPercent\":\"18\"}', '{\"PartyName\":\"NITI PATEL\",\"PartyAddress\":\"NO 2 CHANDBAD\",\"PartyPhone\":\"\",\"PartyGst\":\"\",\"Registration\":\"MP04TA0496\",\"header\":\"INVOICE\"}'),
(229, 'February 25, 2019', '1100.000', '198.000', '1298.000', '1298.000', '0.000', 239, '{\"selfName\":\"Saniya Enterprises\",\"selfAddress\":\"Bhopal Madhya Pradesh\",\"selfPhone\":\"9584444161\",\"selfGst\":\"23CPFPD6088B1Z8\",\"gstPercent\":\"18\"}', '{\"PartyName\":\"RAKESH SARVAIYA\",\"PartyAddress\":\"VIDHYA VIHAR\",\"PartyPhone\":\"\",\"PartyGst\":\"\",\"Registration\":\"MP04TA1694\",\"header\":\"INVOICE\"}'),
(228, 'February 22, 2019', '1100.000', '198.000', '1298.000', '1298.000', '0.000', 238, '{\"selfName\":\"Saniya Enterprises\",\"selfAddress\":\"Bhopal Madhya Pradesh\",\"selfPhone\":\"9584444161\",\"selfGst\":\"23CPFPD6088B1Z8\",\"gstPercent\":\"18\"}', '{\"PartyName\":\"SACHIN SAHU\",\"PartyAddress\":\"19 AZAD MARKET\",\"PartyPhone\":\"\",\"PartyGst\":\"\",\"Registration\":\"MP15G1475\",\"header\":\"INVOICE\"}'),
(227, 'February 22, 2019', '1100.000', '198.000', '1298.000', '1298.000', '0.000', 237, '{\"selfName\":\"Saniya Enterprises\",\"selfAddress\":\"Bhopal Madhya Pradesh\",\"selfPhone\":\"9584444161\",\"selfGst\":\"23CPFPD6088B1Z8\",\"gstPercent\":\"18\"}', '{\"PartyName\":\"SACHIN SAHU\",\"PartyAddress\":\"19 AJAD MARKET\",\"PartyPhone\":\"\",\"PartyGst\":\"\",\"Registration\":\"MP09KD0235\",\"header\":\"INVOICE\"}'),
(226, 'February 22, 2019', '1100.000', '198.000', '1298.000', '1298.000', '0.000', 236, '{\"selfName\":\"Saniya Enterprises\",\"selfAddress\":\"Bhopal Madhya Pradesh\",\"selfPhone\":\"9584444161\",\"selfGst\":\"23CPFPD6088B1Z8\",\"gstPercent\":\"18\"}', '{\"PartyName\":\"SACHIN SAHU\",\"PartyAddress\":\"19 AJAD MARKET\",\"PartyPhone\":\"\",\"PartyGst\":\"\",\"Registration\":\"MP09KC7816\",\"header\":\"INVOICE\"}'),
(225, 'February 20, 2019', '1100.000', '198.000', '1298.000', '0.000', '1298.000', 235, '{\"selfName\":\"Saniya Enterprises\",\"selfAddress\":\"Bhopal Madhya Pradesh\",\"selfPhone\":\"9584444161\",\"selfGst\":\"23CPFPD6088B1Z8\",\"gstPercent\":\"18\"}', '{\"PartyName\":\"DEEWAN KATARIYA\",\"PartyAddress\":\"68 BALAJI NAGAR\",\"PartyPhone\":\"\",\"PartyGst\":\"\",\"Registration\":\"MP13GA8548\",\"header\":\"INVOICE\"}'),
(224, 'February 18, 2019', '900.000', '162.000', '1062.000', '1062.000', '0.000', 234, '{\"selfName\":\"Saniya Enterprises\",\"selfAddress\":\"Bhopal Madhya Pradesh\",\"selfPhone\":\"9584444161\",\"selfGst\":\"23CPFPD6088B1Z8\",\"gstPercent\":\"18\"}', '{\"PartyName\":\"SANDEEP DHURVE\",\"PartyAddress\":\"A 7 LALITA NAGAR\",\"PartyPhone\":\"\",\"PartyGst\":\"\",\"Registration\":\"MP04TA5462\",\"header\":\"INVOICE\"}'),
(223, 'February 18, 2019', '900.000', '162.000', '1062.000', '1062.000', '0.000', 233, '{\"selfName\":\"Saniya Enterprises\",\"selfAddress\":\"Bhopal Madhya Pradesh\",\"selfPhone\":\"9584444161\",\"selfGst\":\"23CPFPD6088B1Z8\",\"gstPercent\":\"18\"}', '{\"PartyName\":\"SUDAMAPRASAD RAJPU\",\"PartyAddress\":\"2 JHEEL NAGAR\",\"PartyPhone\":\"\",\"PartyGst\":\"\",\"Registration\":\"MP47CA2308\",\"header\":\"INVOICE\"}'),
(222, 'February 15, 2019', '900.000', '162.000', '1062.000', '1062.000', '0.000', 232, '{\"selfName\":\"Saniya Enterprises\",\"selfAddress\":\"Bhopal Madhya Pradesh\",\"selfPhone\":\"9584444161\",\"selfGst\":\"23CPFPD6088B1Z8\",\"gstPercent\":\"18\"}', '{\"PartyName\":\"HUKUM SINGH\",\"PartyAddress\":\"817 SEMRA GATE\",\"PartyPhone\":\"\",\"PartyGst\":\"\",\"Registration\":\"MP04TA5707\",\"header\":\"INVOICE\"}'),
(221, 'February 15, 2019', '900.000', '162.000', '1062.000', '1062.000', '0.000', 231, '{\"selfName\":\"Saniya Enterprises\",\"selfAddress\":\"Bhopal Madhya Pradesh\",\"selfPhone\":\"9584444161\",\"selfGst\":\"23CPFPD6088B1Z8\",\"gstPercent\":\"18\"}', '{\"PartyName\":\"KAMAL SINGH\",\"PartyAddress\":\"66 SEWANIYA\",\"PartyPhone\":\"\",\"PartyGst\":\"\",\"Registration\":\"MP04GA8739\",\"header\":\"INVOICE\"}'),
(220, 'February 14, 2019', '900.000', '162.000', '1062.000', '1062.000', '0.000', 230, '{\"selfName\":\"Saniya Enterprises\",\"selfAddress\":\"Bhopal Madhya Pradesh\",\"selfPhone\":\"9584444161\",\"selfGst\":\"23CPFPD6088B1Z8\",\"gstPercent\":\"18\"}', '{\"PartyName\":\"SANDEEP\",\"PartyAddress\":\"MADAN MAHAL\",\"PartyPhone\":\"\",\"PartyGst\":\"\",\"Registration\":\"MP20HB2911\",\"header\":\"INVOICE\"}'),
(219, 'February 14, 2019', '900.000', '162.000', '1062.000', '1062.000', '0.000', 229, '{\"selfName\":\"Saniya Enterprises\",\"selfAddress\":\"Bhopal Madhya Pradesh\",\"selfPhone\":\"9584444161\",\"selfGst\":\"23CPFPD6088B1Z8\",\"gstPercent\":\"18\"}', '{\"PartyName\":\"RAMU SAIN\",\"PartyAddress\":\"FATEHPUR ROAD\",\"PartyPhone\":\"\",\"PartyGst\":\"\",\"Registration\":\"MP33H1079\",\"header\":\"INVOICE\"}'),
(218, 'February 15, 2019', '900.000', '162.000', '1062.000', '1062.000', '0.000', 228, '{\"selfName\":\"Saniya Enterprises\",\"selfAddress\":\"Bhopal Madhya Pradesh\",\"selfPhone\":\"9584444161\",\"selfGst\":\"23CPFPD6088B1Z8\",\"gstPercent\":\"18\"}', '{\"PartyName\":\"SHIKHAR TIWARI\",\"PartyAddress\":\"199 BIJLI COLONY\",\"PartyPhone\":\"\",\"PartyGst\":\"\",\"Registration\":\"MP04K7566\",\"header\":\"INVOICE\"}'),
(217, 'February 14, 2019', '900.000', '162.000', '1062.000', '1062.000', '0.000', 227, '{\"selfName\":\"Saniya Enterprises\",\"selfAddress\":\"Bhopal Madhya Pradesh\",\"selfPhone\":\"9584444161\",\"selfGst\":\"23CPFPD6088B1Z8\",\"gstPercent\":\"18\"}', '{\"PartyName\":\"YASIN ALI\",\"PartyAddress\":\"6/3 NAGAR NIGAM\",\"PartyPhone\":\"\",\"PartyGst\":\"\",\"Registration\":\"MP04HB9230\",\"header\":\"INVOICE\"}'),
(216, 'February 14, 2019', '900.000', '162.000', '1062.000', '1062.000', '0.000', 226, '{\"selfName\":\"Saniya Enterprises\",\"selfAddress\":\"Bhopal Madhya Pradesh\",\"selfPhone\":\"9584444161\",\"selfGst\":\"23CPFPD6088B1Z8\",\"gstPercent\":\"18\"}', '{\"PartyName\":\"SANJAY VIJAYAWARGI\",\"PartyAddress\":\"37 GINNORI MANDIR\",\"PartyPhone\":\"\",\"PartyGst\":\"\",\"Registration\":\"MP04GA8938\",\"header\":\"INVOICE\"}'),
(215, 'February 12, 2019', '1100.000', '198.000', '1298.000', '1298.000', '0.000', 224, '{\"selfName\":\"Saniya Enterprises\",\"selfAddress\":\"Bhopal Madhya Pradesh\",\"selfPhone\":\"9584444161\",\"selfGst\":\"23CPFPD6088B1Z8\",\"gstPercent\":\"18\"}', '{\"PartyName\":\"TAJINDER KOUR\",\"PartyAddress\":\"1605 GURU NANKCOLONY\",\"PartyPhone\":\"\",\"PartyGst\":\"\",\"Registration\":\"MP04TA4863\",\"header\":\"INVOICE\"}'),
(214, 'February 12, 2019', '1100.000', '198.000', '1298.000', '1298.000', '0.000', 223, '{\"selfName\":\"Saniya Enterprises\",\"selfAddress\":\"Bhopal Madhya Pradesh\",\"selfPhone\":\"9584444161\",\"selfGst\":\"23CPFPD6088B1Z8\",\"gstPercent\":\"18\"}', '{\"PartyName\":\"RAVI KUSHWAHA\",\"PartyAddress\":\"B/75 SAPTA GYANNAGAR\",\"PartyPhone\":\"\",\"PartyGst\":\"\",\"Registration\":\"MP04TA3085\",\"header\":\"INVOICE\"}'),
(213, 'February 12, 2019', '1100.000', '198.000', '1298.000', '1298.000', '0.000', 222, '{\"selfName\":\"Saniya Enterprises\",\"selfAddress\":\"Bhopal Madhya Pradesh\",\"selfPhone\":\"9584444161\",\"selfGst\":\"23CPFPD6088B1Z8\",\"gstPercent\":\"18\"}', '{\"PartyName\":\"JAHIR KHA\",\"PartyAddress\":\"45 JAIN COLONY\",\"PartyPhone\":\"\",\"PartyGst\":\"\",\"Registration\":\"MP04GA4323\",\"header\":\"INVOICE\"}'),
(212, 'February 12, 2019', '1100.000', '198.000', '1298.000', '1298.000', '0.000', 221, '{\"selfName\":\"Saniya Enterprises\",\"selfAddress\":\"Bhopal Madhya Pradesh\",\"selfPhone\":\"9584444161\",\"selfGst\":\"23CPFPD6088B1Z8\",\"gstPercent\":\"18\"}', '{\"PartyName\":\"MOHD SALIM\",\"PartyAddress\":\"226 BAGH MUFTI\",\"PartyPhone\":\"\",\"PartyGst\":\"\",\"Registration\":\"MP04TA1128\",\"header\":\"INVOICE\"}'),
(192, 'January 22, 2019', '1100.000', '198.000', '1298.000', '1298.000', '0.000', 201, '{\"selfName\":\"Saniya Enterprises\",\"selfAddress\":\"Bhopal Madhya Pradesh\",\"selfPhone\":\"9584444161\",\"selfGst\":\"23CPFPD6088B1Z8\",\"gstPercent\":\"18\"}', '{\"PartyName\":\"RADHA BAI\",\"PartyAddress\":\"53 SHARDA NAGAR\",\"PartyPhone\":\"\",\"PartyGst\":\"\",\"Registration\":\"MP10G1732\",\"header\":\"INVOICE\"}'),
(193, 'January 22, 2019', '1100.000', '198.000', '1298.000', '1298.000', '0.000', 202, '{\"selfName\":\"Saniya Enterprises\",\"selfAddress\":\"Bhopal Madhya Pradesh\",\"selfPhone\":\"9584444161\",\"selfGst\":\"23CPFPD6088B1Z8\",\"gstPercent\":\"18\"}', '{\"PartyName\":\"KRISHNA VALLEY\",\"PartyAddress\":\"BAMULIYA GAJJU\",\"PartyPhone\":\"\",\"PartyGst\":\"\",\"Registration\":\"MP38P0153\",\"header\":\"INVOICE\"}'),
(194, 'January 23, 2019', '1100.000', '198.000', '1298.000', '1298.000', '0.000', 203, '{\"selfName\":\"Saniya Enterprises\",\"selfAddress\":\"Bhopal Madhya Pradesh\",\"selfPhone\":\"9584444161\",\"selfGst\":\"23CPFPD6088B1Z8\",\"gstPercent\":\"18\"}', '{\"PartyName\":\"AZIZ KHAN\",\"PartyAddress\":\"14 NOOR MAHAL ROAD\",\"PartyPhone\":\"\",\"PartyGst\":\"\",\"Registration\":\"MP09FA4572\",\"header\":\"INVOICE\"}'),
(195, 'January 24, 2019', '1100.000', '198.000', '1298.000', '0.000', '1298.000', 204, '{\"selfName\":\"Saniya Enterprises\",\"selfAddress\":\"Bhopal Madhya Pradesh\",\"selfPhone\":\"9584444161\",\"selfGst\":\"23CPFPD6088B1Z8\",\"gstPercent\":\"18\"}', '{\"PartyName\":\"M/S ARIHANT TRADE\",\"PartyAddress\":\"INDRAPURI BHEL\",\"PartyPhone\":\"\",\"PartyGst\":\"\",\"Registration\":\"MP04HE9992\",\"header\":\"INVOICE\"}'),
(196, 'January 24, 2019', '1100.000', '198.000', '1298.000', '1298.000', '0.000', 205, '{\"selfName\":\"Saniya Enterprises\",\"selfAddress\":\"Bhopal Madhya Pradesh\",\"selfPhone\":\"9584444161\",\"selfGst\":\"23CPFPD6088B1Z8\",\"gstPercent\":\"18\"}', '{\"PartyName\":\"BALVER SINGH\",\"PartyAddress\":\"KISHANPURGAIRATGANJ\",\"PartyPhone\":\"\",\"PartyGst\":\"\",\"Registration\":\"MP38L0346\",\"header\":\"INVOICE\"}'),
(197, 'January 24, 2019', '1100.000', '198.000', '1298.000', '1298.000', '0.000', 206, '{\"selfName\":\"Saniya Enterprises\",\"selfAddress\":\"Bhopal Madhya Pradesh\",\"selfPhone\":\"9584444161\",\"selfGst\":\"23CPFPD6088B1Z8\",\"gstPercent\":\"18\"}', '{\"PartyName\":\"MOHD ANIS\",\"PartyAddress\":\"BAD  BHOPAL\",\"PartyPhone\":\"\",\"PartyGst\":\"\",\"Registration\":\"MP09LN9911\",\"header\":\"INVOICE\"}'),
(198, 'January 25, 2019', '1100.000', '198.000', '1298.000', '1298.000', '0.000', 207, '{\"selfName\":\"Saniya Enterprises\",\"selfAddress\":\"Bhopal Madhya Pradesh\",\"selfPhone\":\"9584444161\",\"selfGst\":\"23CPFPD6088B1Z8\",\"gstPercent\":\"18\"}', '{\"PartyName\":\"SHRI JAGDISH SINGH\",\"PartyAddress\":\"RISHI NAGAR\",\"PartyPhone\":\"\",\"PartyGst\":\"\",\"Registration\":\"MP13GA7699\",\"header\":\"INVOICE\"}'),
(199, 'January 25, 2019', '1100.000', '198.000', '1298.000', '1298.000', '0.000', 208, '{\"selfName\":\"Saniya Enterprises\",\"selfAddress\":\"Bhopal Madhya Pradesh\",\"selfPhone\":\"9584444161\",\"selfGst\":\"23CPFPD6088B1Z8\",\"gstPercent\":\"18\"}', '{\"PartyName\":\"ASLAM KHAN\",\"PartyAddress\":\"T T NAGAR\",\"PartyPhone\":\"\",\"PartyGst\":\"\",\"Registration\":\"MP04TA5310\",\"header\":\"INVOICE\"}'),
(200, 'January 25, 2019', '1100.000', '198.000', '1298.000', '1298.000', '0.000', 209, '{\"selfName\":\"Saniya Enterprises\",\"selfAddress\":\"Bhopal Madhya Pradesh\",\"selfPhone\":\"9584444161\",\"selfGst\":\"23CPFPD6088B1Z8\",\"gstPercent\":\"18\"}', '{\"PartyName\":\"NEELAM PAL\",\"PartyAddress\":\"501 SEVANIYA GOND\",\"PartyPhone\":\"\",\"PartyGst\":\"\",\"Registration\":\"DL1LK2323\",\"header\":\"INVOICE\"}'),
(201, 'January 28, 2019', '1100.000', '198.000', '1298.000', '1298.000', '0.000', 210, '{\"selfName\":\"Saniya Enterprises\",\"selfAddress\":\"Bhopal Madhya Pradesh\",\"selfPhone\":\"9584444161\",\"selfGst\":\"23CPFPD6088B1Z8\",\"gstPercent\":\"18\"}', '{\"PartyName\":\"AJIJ KHAN\",\"PartyAddress\":\"NOORMOHD HNO-54\",\"PartyPhone\":\"\",\"PartyGst\":\"\",\"Registration\":\"MP04GA3425\",\"header\":\"INVOICE\"}'),
(202, 'February 04, 2019', '1100.000', '198.000', '1298.000', '1298.000', '0.000', 211, '{\"selfName\":\"Saniya Enterprises\",\"selfAddress\":\"Bhopal Madhya Pradesh\",\"selfPhone\":\"9584444161\",\"selfGst\":\"23CPFPD6088B1Z8\",\"gstPercent\":\"18\"}', '{\"PartyName\":\"VILASH DESHMUKH\",\"PartyAddress\":\"81/57 81 KI LINE SOUTH\",\"PartyPhone\":\"\",\"PartyGst\":\"\",\"Registration\":\"MP04TA0123\",\"header\":\"INVOICE\"}'),
(203, 'February 04, 2019', '3390.000', '610.200', '4000.200', '4000.200', '0.000', 211, '{\"selfName\":\"Saniya Enterprises\",\"selfAddress\":\"Bhopal Madhya Pradesh\",\"selfPhone\":\"9584444161\",\"selfGst\":\"\",\"gstPercent\":\"18\"}', '{\"PartyName\":\"VILASH DESHMUKH\",\"PartyAddress\":\"81/57 81 KI LINE SOUTH\",\"PartyPhone\":\"\",\"PartyGst\":\"\",\"Registration\":\"MP05LA0884\",\"header\":\"ESTIMATE\"}'),
(204, 'February 04, 2019', '1100.000', '198.000', '1298.000', '1298.000', '0.000', 213, '{\"selfName\":\"Saniya Enterprises\",\"selfAddress\":\"Bhopal Madhya Pradesh\",\"selfPhone\":\"9584444161\",\"selfGst\":\"23CPFPD6088B1Z8\",\"gstPercent\":\"18\"}', '{\"PartyName\":\"SHIV KUMAR YADAV\",\"PartyAddress\":\"15 BLOCK NO 07\",\"PartyPhone\":\"\",\"PartyGst\":\"\",\"Registration\":\"MP04TA2926\",\"header\":\"INVOICE\"}'),
(205, 'February 04, 2019', '1100.000', '198.000', '1298.000', '1298.000', '0.000', 214, '{\"selfName\":\"Saniya Enterprises\",\"selfAddress\":\"Bhopal Madhya Pradesh\",\"selfPhone\":\"9584444161\",\"selfGst\":\"23CPFPD6088B1Z8\",\"gstPercent\":\"18\"}', '{\"PartyName\":\"SANJAY MEHRA\",\"PartyAddress\":\"53 BADWAI JAIL ROAD\",\"PartyPhone\":\"\",\"PartyGst\":\"\",\"Registration\":\"MP04HE0649\",\"header\":\"INVOICE\"}'),
(206, 'February 04, 2019', '1100.000', '198.000', '1298.000', '1298.000', '0.000', 215, '{\"selfName\":\"Saniya Enterprises\",\"selfAddress\":\"Bhopal Madhya Pradesh\",\"selfPhone\":\"9584444161\",\"selfGst\":\"23CPFPD6088B1Z8\",\"gstPercent\":\"18\"}', '{\"PartyName\":\"RAKESH KUMAR\",\"PartyAddress\":\"129 MIG AYODHYA\",\"PartyPhone\":\"\",\"PartyGst\":\"\",\"Registration\":\"CG13L4855\",\"header\":\"INVOICE\"}'),
(207, 'February 05, 2019', '1100.000', '198.000', '1298.000', '0.000', '1298.000', 216, '{\"selfName\":\"Saniya Enterprises\",\"selfAddress\":\"Bhopal Madhya Pradesh\",\"selfPhone\":\"9584444161\",\"selfGst\":\"23CPFPD6088B1Z8\",\"gstPercent\":\"18\"}', '{\"PartyName\":\"RAKESH MAHESHWARI\",\"PartyAddress\":\"J P NAGAR BHOPAL\",\"PartyPhone\":\"\",\"PartyGst\":\"\",\"Registration\":\"DL1LK9213\",\"header\":\"INVOICE\"}'),
(208, 'February 06, 2019', '1100.000', '198.000', '1298.000', '1298.000', '0.000', 217, '{\"selfName\":\"Saniya Enterprises\",\"selfAddress\":\"Bhopal Madhya Pradesh\",\"selfPhone\":\"9584444161\",\"selfGst\":\"23CPFPD6088B1Z8\",\"gstPercent\":\"18\"}', '{\"PartyName\":\"MO SAEED\",\"PartyAddress\":\"330 SANJAY NAGAR\",\"PartyPhone\":\"\",\"PartyGst\":\"\",\"Registration\":\"MP04LC7194\",\"header\":\"INVOICE\"}'),
(209, 'February 06, 2019', '1100.000', '198.000', '1298.000', '1298.000', '0.000', 218, '{\"selfName\":\"Saniya Enterprises\",\"selfAddress\":\"Bhopal Madhya Pradesh\",\"selfPhone\":\"9584444161\",\"selfGst\":\"23CPFPD6088B1Z8\",\"gstPercent\":\"18\"}', '{\"PartyName\":\"HARISH KUMAR\",\"PartyAddress\":\"119 ANAND NAGAR\",\"PartyPhone\":\"\",\"PartyGst\":\"\",\"Registration\":\"MP04TA6883\",\"header\":\"INVOICE\"}'),
(210, 'February 08, 2019', '1100.000', '198.000', '1298.000', '1298.000', '0.000', 219, '{\"selfName\":\"Saniya Enterprises\",\"selfAddress\":\"Bhopal Madhya Pradesh\",\"selfPhone\":\"9584444161\",\"selfGst\":\"23CPFPD6088B1Z8\",\"gstPercent\":\"18\"}', '{\"PartyName\":\"NEELGHAN CONST\",\"PartyAddress\":\"28 OM NAGAR\",\"PartyPhone\":\"\",\"PartyGst\":\"\",\"Registration\":\"MP04HE3362\",\"header\":\"INVOICE\"}'),
(211, 'February 11, 2019', '1100.000', '198.000', '1298.000', '1298.000', '0.000', 220, '{\"selfName\":\"Saniya Enterprises\",\"selfAddress\":\"Bhopal Madhya Pradesh\",\"selfPhone\":\"9584444161\",\"selfGst\":\"23CPFPD6088B1Z8\",\"gstPercent\":\"18\"}', '{\"PartyName\":\"BHEEKAM SINGH SAHU\",\"PartyAddress\":\"30 RAHUL NAGAR NR PUMPAPUR\nMACT COLLEGE RD\",\"PartyPhone\":\"\",\"PartyGst\":\"\",\"Registration\":\"MP05LA0946\",\"header\":\"INVOICE\"}'),
(390, 'December 09, 2019', '720.000', '129.600', '849.600', '849.600', '0.000', 400, '{\"selfName\":\"Saniya Enterprises\",\"selfAddress\":\"Bhopal Madhya Pradesh\",\"selfPhone\":\"9584444161\",\"selfGst\":\"23CPFPD6088B1Z8\",\"gstPercent\":\"18\"}', '{\"PartyName\":\"MR SANTOSH\",\"PartyAddress\":\"LG 33 BEHIND DALMEEL\",\"PartyPhone\":\"\",\"PartyGst\":\"\",\"Registration\":\"MP04LC4478\",\"header\":\"INVOICE\"}'),
(391, 'December 18, 2019', '720.000', '129.600', '849.600', '849.600', '0.000', 401, '{\"selfName\":\"Saniya Enterprises\",\"selfAddress\":\"Bhopal Madhya Pradesh\",\"selfPhone\":\"9584444161\",\"selfGst\":\"23CPFPD6088B1Z8\",\"gstPercent\":\"18\"}', '{\"PartyName\":\"SABBEER ALI\",\"PartyAddress\":\"RISHI NAGAR\",\"PartyPhone\":\"\",\"PartyGst\":\"\",\"Registration\":\"DL1LP5358\",\"header\":\"INVOICE\"}'),
(392, 'December 23, 2019', '720.000', '129.600', '849.600', '849.600', '0.000', 402, '{\"selfName\":\"Saniya Enterprises\",\"selfAddress\":\"Bhopal Madhya Pradesh\",\"selfPhone\":\"9584444161\",\"selfGst\":\"23CPFPD6088B1Z8\",\"gstPercent\":\"18\"}', '{\"PartyName\":\"MR RAHULKUMARSAHU\",\"PartyAddress\":\"BHANPURLEELADHARCOLONY\",\"PartyPhone\":\"\",\"PartyGst\":\"\",\"Registration\":\"MP04LC7864\",\"header\":\"INVOICE\"}'),
(393, 'December 23, 2019', '720.000', '129.600', '849.600', '849.600', '0.000', 403, '{\"selfName\":\"Saniya Enterprises\",\"selfAddress\":\"Bhopal Madhya Pradesh\",\"selfPhone\":\"9584444161\",\"selfGst\":\"23CPFPD6088B1Z8\",\"gstPercent\":\"18\"}', '{\"PartyName\":\"MAHI TUBE WELL\",\"PartyAddress\":\"58STARHOMESBAWARIA KALA\",\"PartyPhone\":\"\",\"PartyGst\":\"\",\"Registration\":\"MP19HA0753\",\"header\":\"INVOICE\"}'),
(394, 'December 23, 2019', '720.000', '129.600', '849.600', '849.600', '0.000', 404, '{\"selfName\":\"Saniya Enterprises\",\"selfAddress\":\"Bhopal Madhya Pradesh\",\"selfPhone\":\"9584444161\",\"selfGst\":\"23CPFPD6088B1Z8\",\"gstPercent\":\"18\"}', '{\"PartyName\":\"MR SURESH SEN\",\"PartyAddress\":\"HNO 33 HARRAKHEDA\nHNO 33 HARRAKHEDA\nHNO 33 HARRAKHED\",\"PartyPhone\":\"\",\"PartyGst\":\"\",\"Registration\":\"MP04LC8270\",\"header\":\"INVOICE\"}'),
(395, 'December 30, 2019', '720.000', '129.600', '849.600', '849.600', '0.000', 405, '{\"selfName\":\"Saniya Enterprises\",\"selfAddress\":\"Bhopal Madhya Pradesh\",\"selfPhone\":\"9584444161\",\"selfGst\":\"23CPFPD6088B1Z8\",\"gstPercent\":\"18\"}', '{\"PartyName\":\"MOHD YUNUS\",\"PartyAddress\":\"331 DEVKI NAGAR NISHATPURA\",\"PartyPhone\":\"\",\"PartyGst\":\"\",\"Registration\":\"MP05LA1489\",\"header\":\"INVOICE\"}'),
(396, 'December 31, 2019', '720.000', '129.600', '849.600', '849.600', '0.000', 406, '{\"selfName\":\"Saniya Enterprises\",\"selfAddress\":\"Bhopal Madhya Pradesh\",\"selfPhone\":\"9584444161\",\"selfGst\":\"23CPFPD6088B1Z8\",\"gstPercent\":\"18\"}', '{\"PartyName\":\"M/SPGHINTERNATIONALPVTLTD\",\"PartyAddress\":\"RAJBHAWAN\",\"PartyPhone\":\"\",\"PartyGst\":\"\",\"Registration\":\"MP04HE0684\",\"header\":\"INVOICE\"}'),
(397, 'December 31, 2019', '720.000', '129.600', '849.600', '849.600', '0.000', 407, '{\"selfName\":\"Saniya Enterprises\",\"selfAddress\":\"Bhopal Madhya Pradesh\",\"selfPhone\":\"9584444161\",\"selfGst\":\"\",\"gstPercent\":\"18\"}', '{\"PartyName\":\"M/SPGHINTERNATIONALPVTLTD\",\"PartyAddress\":\"RAJBHAWAN\",\"PartyPhone\":\"\",\"PartyGst\":\"\",\"Registration\":\"MP04HE0683\",\"header\":\"ESTIMATE\"}'),
(398, 'January 02, 2020', '720.000', '129.600', '849.600', '849.000', '0.600', 408, '{\"selfName\":\"Saniya Enterprises\",\"selfAddress\":\"Bhopal Madhya Pradesh\",\"selfPhone\":\"9584444161\",\"selfGst\":\"23CPFPD6088B1Z8\",\"gstPercent\":\"18\"}', '{\"PartyName\":\"ARJUN SINGHPRAJAPATI\",\"PartyAddress\":\"VILLPADRIYAKACHIRAISEN ROAD\",\"PartyPhone\":\"\",\"PartyGst\":\"\",\"Registration\":\"MP11D1498\",\"header\":\"INVOICE\"}'),
(399, 'January 10, 2020', '720.000', '129.600', '849.600', '849.600', '0.000', 409, '{\"selfName\":\"Saniya Enterprises\",\"selfAddress\":\"Bhopal Madhya Pradesh\",\"selfPhone\":\"9584444161\",\"selfGst\":\"23CPFPD6088B1Z8\",\"gstPercent\":\"18\"}', '{\"PartyName\":\"AMBAR LATHI\",\"PartyAddress\":\"RAISEN ROAD\",\"PartyPhone\":\"\",\"PartyGst\":\"\",\"Registration\":\"MP04LC4823\",\"header\":\"INVOICE\"}'),
(400, 'January 13, 2020', '720.000', '129.600', '849.600', '849.600', '0.000', 410, '{\"selfName\":\"Saniya Enterprises\",\"selfAddress\":\"Bhopal Madhya Pradesh\",\"selfPhone\":\"9584444161\",\"selfGst\":\"23CPFPD6088B1Z8\",\"gstPercent\":\"18\"}', '{\"PartyName\":\"BABULAL BEDWAL\",\"PartyAddress\":\"324 JHUGGI BASTI\",\"PartyPhone\":\"\",\"PartyGst\":\"\",\"Registration\":\"MP04GA8879\",\"header\":\"INVOICE\"}'),
(401, 'January 13, 2020', '720.000', '129.600', '849.600', '849.600', '0.000', 411, '{\"selfName\":\"Saniya Enterprises\",\"selfAddress\":\"Bhopal Madhya Pradesh\",\"selfPhone\":\"9584444161\",\"selfGst\":\"23CPFPD6088B1Z8\",\"gstPercent\":\"18\"}', '{\"PartyName\":\"HARI KISHAN SINGH\",\"PartyAddress\":\"PARAGHAR KARERA\",\"PartyPhone\":\"\",\"PartyGst\":\"\",\"Registration\":\"MP33G0516\",\"header\":\"INVOICE\"}');

-- --------------------------------------------------------

--
-- Table structure for table `product`
--

CREATE TABLE `product` (
  `id` int(11) NOT NULL,
  `Name` varchar(200) NOT NULL,
  `Type` varchar(20) NOT NULL
) ENGINE=MyISAM DEFAULT CHARSET=latin1;

--
-- Dumping data for table `product`
--

INSERT INTO `product` (`id`, `Name`, `Type`) VALUES
(1, 'SLD', 'Fuel Type'),
(2, 'SLD', 'Electronic Type'),
(3, 'Roter Seal', 'Seal');

--
-- Indexes for dumped tables
--

--
-- Indexes for table `invoice`
--
ALTER TABLE `invoice`
  ADD PRIMARY KEY (`id`);

--
-- Indexes for table `invoice_item`
--
ALTER TABLE `invoice_item`
  ADD PRIMARY KEY (`id`),
  ADD KEY `id1` (`fk_id_Invoice`);

--
-- Indexes for table `invoice_more`
--
ALTER TABLE `invoice_more`
  ADD PRIMARY KEY (`id`),
  ADD KEY `fk_ID_Invoice` (`fk_ID_Invoice`);

--
-- Indexes for table `product`
--
ALTER TABLE `product`
  ADD PRIMARY KEY (`id`);

--
-- AUTO_INCREMENT for dumped tables
--

--
-- AUTO_INCREMENT for table `invoice`
--
ALTER TABLE `invoice`
  MODIFY `id` int(11) NOT NULL AUTO_INCREMENT, AUTO_INCREMENT=412;

--
-- AUTO_INCREMENT for table `invoice_item`
--
ALTER TABLE `invoice_item`
  MODIFY `id` int(11) NOT NULL AUTO_INCREMENT, AUTO_INCREMENT=1206;

--
-- AUTO_INCREMENT for table `invoice_more`
--
ALTER TABLE `invoice_more`
  MODIFY `id` int(11) NOT NULL AUTO_INCREMENT, AUTO_INCREMENT=402;

--
-- AUTO_INCREMENT for table `product`
--
ALTER TABLE `product`
  MODIFY `id` int(11) NOT NULL AUTO_INCREMENT, AUTO_INCREMENT=4;
COMMIT;

/*!40101 SET CHARACTER_SET_CLIENT=@OLD_CHARACTER_SET_CLIENT */;
/*!40101 SET CHARACTER_SET_RESULTS=@OLD_CHARACTER_SET_RESULTS */;
/*!40101 SET COLLATION_CONNECTION=@OLD_COLLATION_CONNECTION */;
